,Time,1,2
S/N,,597976,597976
Type,,TGP-4520,TGP-4520
Description,,TT03,TT03
Property,,Black Probe Temperature,White Probe Temperature
1,2026-03-18 19:47:10,-1.695 °C,-2.029 °C
2,2026-03-18 19:48:10,-1.399 °C,-1.580 °C
3,2026-03-18 19:49:10,0.523 °C,-1.901 °C
4,2026-03-18 19:50:10,2.093 °C,-1.787 °C
5,2026-03-18 19:51:10,2.249 °C,-2.047 °C
6,2026-03-18 19:52:10,-0.252 °C,-2.307 °C
7,2026-03-18 19:53:10,-0.979 °C,-3.085 °C
8,2026-03-18 19:54:10,-1.497 °C,-3.464 °C
9,2026-03-18 19:55:10,-1.761 °C,-3.754 °C
10,2026-03-18 19:56:10,-1.918 °C,-3.958 °C
11,2026-03-18 19:57:10,-1.987 °C,-3.920 °C
12,2026-03-18 19:58:10,-2.060 °C,-3.941 °C
13,2026-03-18 19:59:10,-2.129 °C,-3.949 °C
14,2026-03-18 20:00:10,-2.197 °C,-3.903 °C
15,2026-03-18 20:01:10,-2.187 °C,-3.905 °C
16,2026-03-18 20:02:10,-2.142 °C,-3.881 °C
17,2026-03-18 20:03:10,-2.115 °C,-3.937 °C
18,2026-03-18 20:04:10,-2.138 °C,-3.981 °C
19,2026-03-18 20:05:10,-2.159 °C,-3.947 °C
20,2026-03-18 20:06:10,-2.147 °C,-3.998 °C
21,2026-03-18 20:07:10,-2.142 °C,-3.963 °C
22,2026-03-18 20:08:10,-2.126 °C,-4.014 °C
23,2026-03-18 20:09:10,-2.067 °C,-3.992 °C
24,2026-03-18 20:10:10,-2.060 °C,-3.951 °C
25,2026-03-18 20:11:10,-2.024 °C,-3.888 °C
26,2026-03-18 20:12:10,-2.003 °C,-3.797 °C
27,2026-03-18 20:13:10,-2.019 °C,-3.778 °C
28,2026-03-18 20:14:10,-2.064 °C,-3.856 °C
29,2026-03-18 20:15:10,-2.118 °C,-3.893 °C
30,2026-03-18 20:16:10,-2.126 °C,-3.759 °C
31,2026-03-18 20:17:10,-2.083 °C,-3.817 °C
32,2026-03-18 20:18:10,-2.069 °C,-3.827 °C
33,2026-03-18 20:19:10,-2.078 °C,-3.807 °C
34,2026-03-18 20:20:10,-2.121 °C,-3.869 °C
35,2026-03-18 20:21:10,-2.180 °C,-3.797 °C
36,2026-03-18 20:22:10,-2.215 °C,-3.837 °C
37,2026-03-18 20:23:10,-2.210 °C,-3.761 °C
38,2026-03-18 20:24:10,-2.185 °C,-3.665 °C
39,2026-03-18 20:25:10,-2.111 °C,-3.618 °C
40,2026-03-18 20:26:10,-2.069 °C,-3.628 °C
41,2026-03-18 20:27:10,-2.069 °C,-3.645 °C
42,2026-03-18 20:28:10,-2.103 °C,-3.638 °C
43,2026-03-18 20:29:10,-2.128 °C,-3.606 °C
44,2026-03-18 20:30:10,-2.133 °C,-3.587 °C
45,2026-03-18 20:31:10,-2.146 °C,-3.599 °C
46,2026-03-18 20:32:10,-2.170 °C,-3.712 °C
47,2026-03-18 20:33:10,-2.205 °C,-3.798 °C
48,2026-03-18 20:34:10,-2.220 °C,-3.776 °C
49,2026-03-18 20:35:10,-2.212 °C,-3.764 °C
50,2026-03-18 20:36:10,-2.208 °C,-3.759 °C
51,2026-03-18 20:37:10,-2.198 °C,-3.661 °C
52,2026-03-18 20:38:10,-2.185 °C,-3.614 °C
53,2026-03-18 20:39:10,-2.192 °C,-3.591 °C
54,2026-03-18 20:40:10,-2.170 °C,-3.618 °C
55,2026-03-18 20:41:10,-2.161 °C,-3.623 °C
56,2026-03-18 20:42:10,-2.141 °C,-3.737 °C
57,2026-03-18 20:43:10,-2.123 °C,-3.819 °C
58,2026-03-18 20:44:10,-2.105 °C,-3.790 °C
59,2026-03-18 20:45:10,-2.113 °C,-3.829 °C
60,2026-03-18 20:46:10,-2.110 °C,-3.829 °C
61,2026-03-18 20:47:10,-2.110 °C,-3.746 °C
62,2026-03-18 20:48:10,-2.111 °C,-3.761 °C
63,2026-03-18 20:49:10,-2.128 °C,-3.754 °C
64,2026-03-18 20:50:10,-2.141 °C,-3.653 °C
65,2026-03-18 20:51:10,-2.065 °C,-3.639 °C
66,2026-03-18 20:52:10,-2.032 °C,-3.746 °C
67,2026-03-18 20:53:10,-2.036 °C,-3.797 °C
68,2026-03-18 20:54:10,-2.029 °C,-3.749 °C
69,2026-03-18 20:55:10,-2.009 °C,-3.727 °C
70,2026-03-18 20:56:10,-2.019 °C,-3.685 °C
71,2026-03-18 20:57:10,-2.031 °C,-3.682 °C
72,2026-03-18 20:58:10,-2.059 °C,-3.722 °C
73,2026-03-18 20:59:10,-2.118 °C,-3.764 °C
74,2026-03-18 21:00:10,-2.161 °C,-3.770 °C
75,2026-03-18 21:01:10,-2.218 °C,-3.785 °C
76,2026-03-18 21:02:10,-2.276 °C,-3.753 °C
77,2026-03-18 21:03:10,-2.259 °C,-3.715 °C
78,2026-03-18 21:04:10,-2.207 °C,-3.687 °C
79,2026-03-18 21:05:10,-2.177 °C,-3.697 °C
80,2026-03-18 21:06:10,-2.200 °C,-3.739 °C
81,2026-03-18 21:07:10,-2.244 °C,-3.859 °C
82,2026-03-18 21:08:10,-2.272 °C,-3.812 °C
83,2026-03-18 21:09:10,-2.276 °C,-3.785 °C
84,2026-03-18 21:10:10,-2.277 °C,-3.792 °C
85,2026-03-18 21:11:10,-2.289 °C,-3.863 °C
86,2026-03-18 21:12:10,-2.274 °C,-3.920 °C
87,2026-03-18 21:13:10,-2.195 °C,-3.949 °C
88,2026-03-18 21:14:10,-2.159 °C,-3.905 °C
89,2026-03-18 21:15:10,-2.119 °C,-3.856 °C
90,2026-03-18 21:16:10,-2.115 °C,-3.780 °C
91,2026-03-18 21:17:10,-2.141 °C,-3.792 °C
92,2026-03-18 21:18:10,-2.184 °C,-3.817 °C
93,2026-03-18 21:19:10,-2.218 °C,-3.866 °C
94,2026-03-18 21:20:10,-2.161 °C,-3.861 °C
95,2026-03-18 21:21:10,-2.085 °C,-3.690 °C
96,2026-03-18 21:22:10,-2.001 °C,-3.606 °C
97,2026-03-18 21:23:10,-1.946 °C,-3.506 °C
98,2026-03-18 21:24:10,-1.883 °C,-3.442 °C
99,2026-03-18 21:25:10,-1.834 °C,-3.400 °C
100,2026-03-18 21:26:10,-1.828 °C,-3.363 °C
101,2026-03-18 21:27:10,-1.856 °C,-3.436 °C
102,2026-03-18 21:28:10,-1.893 °C,-3.511 °C
103,2026-03-18 21:29:10,-1.952 °C,-3.609 °C
104,2026-03-18 21:30:10,-2.005 °C,-3.724 °C
105,2026-03-18 21:31:10,-2.034 °C,-3.726 °C
106,2026-03-18 21:32:10,-2.024 °C,-3.666 °C
107,2026-03-18 21:33:10,-2.011 °C,-3.618 °C
108,2026-03-18 21:34:10,-2.023 °C,-3.606 °C
109,2026-03-18 21:35:10,-2.049 °C,-3.602 °C
110,2026-03-18 21:36:10,-2.057 °C,-3.609 °C
111,2026-03-18 21:37:10,-2.052 °C,-3.523 °C
112,2026-03-18 21:38:10,-2.036 °C,-3.558 °C
113,2026-03-18 21:39:10,-2.059 °C,-3.655 °C
114,2026-03-18 21:40:10,-2.062 °C,-3.678 °C
115,2026-03-18 21:41:10,-2.026 °C,-3.629 °C
116,2026-03-18 21:42:10,-1.993 °C,-3.596 °C
117,2026-03-18 21:43:10,-1.947 °C,-3.575 °C
118,2026-03-18 21:44:10,-1.937 °C,-3.503 °C
119,2026-03-18 21:45:10,-1.949 °C,-3.520 °C
120,2026-03-18 21:46:10,-1.954 °C,-3.557 °C
121,2026-03-18 21:47:10,-1.977 °C,-3.579 °C
122,2026-03-18 21:48:10,-1.998 °C,-3.575 °C
123,2026-03-18 21:49:10,-2.034 °C,-3.532 °C
124,2026-03-18 21:50:10,-2.067 °C,-3.572 °C
125,2026-03-18 21:51:10,-2.093 °C,-3.575 °C
126,2026-03-18 21:52:10,-2.147 °C,-3.587 °C
127,2026-03-18 21:53:10,-2.215 °C,-3.636 °C
128,2026-03-18 21:54:10,-2.244 °C,-3.547 °C
129,2026-03-18 21:55:10,-2.238 °C,-3.481 °C
130,2026-03-18 21:56:10,-2.174 °C,-3.407 °C
131,2026-03-18 21:57:10,-2.077 °C,-3.550 °C
132,2026-03-18 21:58:10,-2.075 °C,-3.724 °C
133,2026-03-18 21:59:10,-2.092 °C,-3.732 °C
134,2026-03-18 22:00:10,-2.042 °C,-3.719 °C
135,2026-03-18 22:01:10,-2.029 °C,-3.744 °C
136,2026-03-18 22:02:10,-1.988 °C,-3.656 °C
137,2026-03-18 22:03:10,-1.987 °C,-3.596 °C
138,2026-03-18 22:04:10,-2.001 °C,-3.572 °C
139,2026-03-18 22:05:10,-2.046 °C,-3.579 °C
140,2026-03-18 22:06:10,-2.083 °C,-3.577 °C
141,2026-03-18 22:07:10,-2.103 °C,-3.508 °C
142,2026-03-18 22:08:10,-2.136 °C,-3.481 °C
143,2026-03-18 22:09:10,-2.179 °C,-3.510 °C
144,2026-03-18 22:10:10,-2.225 °C,-3.533 °C
145,2026-03-18 22:11:10,-2.248 °C,-3.508 °C
146,2026-03-18 22:12:10,-2.271 °C,-3.501 °C
147,2026-03-18 22:13:10,-2.289 °C,-3.506 °C
148,2026-03-18 22:14:10,-2.287 °C,-3.526 °C
149,2026-03-18 22:15:10,-2.284 °C,-3.565 °C
150,2026-03-18 22:16:10,-2.251 °C,-3.557 °C
151,2026-03-18 22:17:10,-2.221 °C,-3.540 °C
152,2026-03-18 22:18:10,-2.207 °C,-3.513 °C
153,2026-03-18 22:19:10,-2.210 °C,-3.562 °C
154,2026-03-18 22:20:10,-2.177 °C,-3.481 °C
155,2026-03-18 22:21:10,-2.100 °C,-3.609 °C
156,2026-03-18 22:22:10,-2.031 °C,-3.494 °C
157,2026-03-18 22:23:10,-1.947 °C,-3.481 °C
158,2026-03-18 22:24:10,-1.910 °C,-3.414 °C
159,2026-03-18 22:25:10,-1.892 °C,-3.424 °C
160,2026-03-18 22:26:10,-1.931 °C,-3.489 °C
161,2026-03-18 22:27:10,-1.959 °C,-3.579 °C
162,2026-03-18 22:28:10,-1.957 °C,-3.510 °C
163,2026-03-18 22:29:10,-1.978 °C,-3.510 °C
164,2026-03-18 22:30:10,-2.006 °C,-3.525 °C
165,2026-03-18 22:31:10,-2.006 °C,-3.530 °C
166,2026-03-18 22:32:10,-2.008 °C,-3.528 °C
167,2026-03-18 22:33:10,-2.000 °C,-3.552 °C
168,2026-03-18 22:34:10,-1.987 °C,-3.488 °C
169,2026-03-18 22:35:10,-1.978 °C,-3.427 °C
170,2026-03-18 22:36:10,-1.978 °C,-3.392 °C
171,2026-03-18 22:37:10,-1.977 °C,-3.420 °C
172,2026-03-18 22:38:10,-1.987 °C,-3.483 °C
173,2026-03-18 22:39:10,-2.005 °C,-3.525 °C
174,2026-03-18 22:40:10,-1.996 °C,-3.457 °C
175,2026-03-18 22:41:10,-2.005 °C,-3.442 °C
176,2026-03-18 22:42:10,-2.016 °C,-3.432 °C
177,2026-03-18 22:43:10,-1.982 °C,-3.520 °C
178,2026-03-18 22:44:10,-1.926 °C,-3.384 °C
179,2026-03-18 22:45:10,-1.893 °C,-3.407 °C
180,2026-03-18 22:46:10,-1.887 °C,-3.420 °C
181,2026-03-18 22:47:10,-1.895 °C,-3.400 °C
182,2026-03-18 22:48:10,-1.929 °C,-3.446 °C
183,2026-03-18 22:49:10,-1.941 °C,-3.486 °C
184,2026-03-18 22:50:10,-1.923 °C,-3.427 °C
185,2026-03-18 22:51:10,-1.905 °C,-3.325 °C
186,2026-03-18 22:52:10,-1.900 °C,-3.357 °C
187,2026-03-18 22:53:10,-1.928 °C,-3.384 °C
188,2026-03-18 22:54:10,-1.975 °C,-3.422 °C
189,2026-03-18 22:55:10,-2.034 °C,-3.447 °C
190,2026-03-18 22:56:10,-2.098 °C,-3.464 °C
191,2026-03-18 22:57:10,-2.144 °C,-3.468 °C
192,2026-03-18 22:58:10,-2.157 °C,-3.457 °C
193,2026-03-18 22:59:10,-2.133 °C,-3.587 °C
194,2026-03-18 23:00:10,-2.088 °C,-3.567 °C
195,2026-03-18 23:01:10,-2.006 °C,-3.523 °C
196,2026-03-18 23:02:10,-1.991 °C,-3.466 °C
197,2026-03-18 23:03:10,-1.982 °C,-3.426 °C
198,2026-03-18 23:04:10,-1.990 °C,-3.452 °C
199,2026-03-18 23:05:10,-2.031 °C,-3.489 °C
200,2026-03-18 23:06:10,-2.070 °C,-3.464 °C
201,2026-03-18 23:07:10,-2.101 °C,-3.452 °C
202,2026-03-18 23:08:10,-2.146 °C,-3.476 °C
203,2026-03-18 23:09:10,-2.164 °C,-3.441 °C
204,2026-03-18 23:10:10,-2.144 °C,-3.415 °C
205,2026-03-18 23:11:10,-2.149 °C,-3.547 °C
206,2026-03-18 23:12:10,-2.105 °C,-3.456 °C
207,2026-03-18 23:13:10,-2.064 °C,-3.457 °C
208,2026-03-18 23:14:10,-2.001 °C,-3.390 °C
209,2026-03-18 23:15:10,-1.965 °C,-3.355 °C
210,2026-03-18 23:16:10,-1.919 °C,-3.353 °C
211,2026-03-18 23:17:10,-1.885 °C,-3.370 °C
212,2026-03-18 23:18:10,-1.867 °C,-3.315 °C
213,2026-03-18 23:19:10,-1.818 °C,-3.308 °C
214,2026-03-18 23:20:10,-1.798 °C,-3.315 °C
215,2026-03-18 23:21:10,-1.811 °C,-3.336 °C
216,2026-03-18 23:22:10,-1.865 °C,-3.268 °C
217,2026-03-18 23:23:10,-1.901 °C,-3.244 °C
218,2026-03-18 23:24:10,-1.877 °C,-3.171 °C
219,2026-03-18 23:25:10,-1.795 °C,-3.222 °C
220,2026-03-18 23:26:10,-1.774 °C,-3.248 °C
221,2026-03-18 23:27:10,-1.790 °C,-3.298 °C
222,2026-03-18 23:28:10,-1.854 °C,-3.365 °C
223,2026-03-18 23:29:10,-1.914 °C,-3.308 °C
224,2026-03-18 23:30:10,-1.947 °C,-3.271 °C
225,2026-03-18 23:31:10,-1.977 °C,-3.338 °C
226,2026-03-18 23:32:10,-2.039 °C,-3.377 °C
227,2026-03-18 23:33:10,-2.087 °C,-3.400 °C
228,2026-03-18 23:34:10,-2.141 °C,-3.415 °C
229,2026-03-18 23:35:10,-2.152 °C,-3.461 °C
230,2026-03-18 23:36:10,-2.118 °C,-3.456 °C
231,2026-03-18 23:37:10,-2.103 °C,-3.409 °C
232,2026-03-18 23:38:10,-2.078 °C,-3.405 °C
233,2026-03-18 23:39:10,-2.088 °C,-3.484 °C
234,2026-03-18 23:40:10,-2.062 °C,-3.506 °C
235,2026-03-18 23:41:10,-2.034 °C,-3.429 °C
236,2026-03-18 23:42:10,-2.034 °C,-3.488 °C
237,2026-03-18 23:43:10,-2.009 °C,-3.496 °C
238,2026-03-18 23:44:10,-1.993 °C,-3.434 °C
239,2026-03-18 23:45:10,-1.995 °C,-3.414 °C
240,2026-03-18 23:46:10,-2.028 °C,-3.441 °C
241,2026-03-18 23:47:10,-2.067 °C,-3.451 °C
242,2026-03-18 23:48:10,-2.108 °C,-3.439 °C
243,2026-03-18 23:49:10,-2.167 °C,-3.449 °C
244,2026-03-18 23:50:10,-2.246 °C,-3.476 °C
245,2026-03-18 23:51:10,-2.296 °C,-3.483 °C
246,2026-03-18 23:52:10,-2.338 °C,-3.503 °C
247,2026-03-18 23:53:10,-2.380 °C,-3.510 °C
248,2026-03-18 23:54:10,-2.381 °C,-3.476 °C
249,2026-03-18 23:55:10,-2.403 °C,-3.483 °C
250,2026-03-18 23:56:10,-2.441 °C,-3.500 °C
251,2026-03-18 23:57:10,-2.464 °C,-3.496 °C
252,2026-03-18 23:58:10,-2.480 °C,-3.468 °C
253,2026-03-18 23:59:10,-2.494 °C,-3.476 °C
254,2026-03-19 00:00:10,-2.523 °C,-3.538 °C
255,2026-03-19 00:01:10,-2.530 °C,-3.521 °C
256,2026-03-19 00:02:10,-2.522 °C,-3.501 °C
257,2026-03-19 00:03:10,-2.528 °C,-3.518 °C
258,2026-03-19 00:04:10,-2.547 °C,-3.525 °C
259,2026-03-19 00:05:10,-2.551 °C,-3.552 °C
260,2026-03-19 00:06:10,-2.568 °C,-3.523 °C
261,2026-03-19 00:07:10,-2.575 °C,-3.493 °C
262,2026-03-19 00:08:10,-2.585 °C,-3.491 °C
263,2026-03-19 00:09:10,-2.611 °C,-3.525 °C
264,2026-03-19 00:10:10,-2.661 °C,-3.557 °C
265,2026-03-19 00:11:10,-2.677 °C,-3.542 °C
266,2026-03-19 00:12:10,-2.689 °C,-3.532 °C
267,2026-03-19 00:13:10,-2.704 °C,-3.535 °C
268,2026-03-19 00:14:10,-2.734 °C,-3.585 °C
269,2026-03-19 00:15:10,-2.689 °C,-3.623 °C
270,2026-03-19 00:16:10,-2.626 °C,-3.533 °C
271,2026-03-19 00:17:10,-2.532 °C,-3.464 °C
272,2026-03-19 00:18:10,-2.444 °C,-3.511 °C
273,2026-03-19 00:19:10,-2.434 °C,-3.562 °C
274,2026-03-19 00:20:10,-2.431 °C,-3.521 °C
275,2026-03-19 00:21:10,-2.434 °C,-3.521 °C
276,2026-03-19 00:22:10,-2.454 °C,-3.515 °C
277,2026-03-19 00:23:10,-2.479 °C,-3.542 °C
278,2026-03-19 00:24:10,-2.444 °C,-3.488 °C
279,2026-03-19 00:25:10,-2.431 °C,-3.496 °C
280,2026-03-19 00:26:10,-2.465 °C,-3.564 °C
281,2026-03-19 00:27:10,-2.520 °C,-3.580 °C
282,2026-03-19 00:28:10,-2.551 °C,-3.557 °C
283,2026-03-19 00:29:10,-2.568 °C,-3.564 °C
284,2026-03-19 00:30:10,-2.604 °C,-3.591 °C
285,2026-03-19 00:31:10,-2.659 °C,-3.606 °C
286,2026-03-19 00:32:10,-2.711 °C,-3.621 °C
287,2026-03-19 00:33:10,-2.737 °C,-3.575 °C
288,2026-03-19 00:34:10,-2.717 °C,-3.572 °C
289,2026-03-19 00:35:10,-2.704 °C,-3.614 °C
290,2026-03-19 00:36:10,-2.714 °C,-3.628 °C
291,2026-03-19 00:37:10,-2.719 °C,-3.618 °C
292,2026-03-19 00:38:10,-2.711 °C,-3.606 °C
293,2026-03-19 00:39:10,-2.681 °C,-3.594 °C
294,2026-03-19 00:40:10,-2.616 °C,-3.550 °C
295,2026-03-19 00:41:10,-2.583 °C,-3.528 °C
296,2026-03-19 00:42:10,-2.570 °C,-3.496 °C
297,2026-03-19 00:43:10,-2.550 °C,-3.503 °C
298,2026-03-19 00:44:10,-2.522 °C,-3.550 °C
299,2026-03-19 00:45:10,-2.517 °C,-3.579 °C
300,2026-03-19 00:46:10,-2.518 °C,-3.587 °C
301,2026-03-19 00:47:10,-2.512 °C,-3.596 °C
302,2026-03-19 00:48:10,-2.451 °C,-3.518 °C
303,2026-03-19 00:49:10,-2.424 °C,-3.526 °C
304,2026-03-19 00:50:10,-2.427 °C,-3.553 °C
305,2026-03-19 00:51:10,-2.467 °C,-3.577 °C
306,2026-03-19 00:52:10,-2.512 °C,-3.643 °C
307,2026-03-19 00:53:10,-2.497 °C,-3.636 °C
308,2026-03-19 00:54:10,-2.504 °C,-3.616 °C
309,2026-03-19 00:55:10,-2.465 °C,-3.567 °C
310,2026-03-19 00:56:10,-2.462 °C,-3.602 °C
311,2026-03-19 00:57:10,-2.454 °C,-3.599 °C
312,2026-03-19 00:58:10,-2.414 °C,-3.557 °C
313,2026-03-19 00:59:10,-2.380 °C,-3.533 °C
314,2026-03-19 01:00:10,-2.373 °C,-3.513 °C
315,2026-03-19 01:01:10,-2.391 °C,-3.530 °C
316,2026-03-19 01:02:10,-2.391 °C,-3.459 °C
317,2026-03-19 01:03:10,-2.330 °C,-3.449 °C
318,2026-03-19 01:04:10,-2.337 °C,-3.518 °C
319,2026-03-19 01:05:10,-2.390 °C,-3.621 °C
320,2026-03-19 01:06:10,-2.416 °C,-3.606 °C
321,2026-03-19 01:07:10,-2.444 °C,-3.624 °C
322,2026-03-19 01:08:10,-2.439 °C,-3.623 °C
323,2026-03-19 01:09:10,-2.421 °C,-3.592 °C
324,2026-03-19 01:10:10,-2.411 °C,-3.601 °C
325,2026-03-19 01:11:10,-2.396 °C,-3.626 °C
326,2026-03-19 01:12:10,-2.414 °C,-3.569 °C
327,2026-03-19 01:13:10,-2.404 °C,-3.513 °C
328,2026-03-19 01:14:10,-2.404 °C,-3.513 °C
329,2026-03-19 01:15:10,-2.396 °C,-3.496 °C
330,2026-03-19 01:16:10,-2.408 °C,-3.483 °C
331,2026-03-19 01:17:10,-2.437 °C,-3.513 °C
332,2026-03-19 01:18:10,-2.441 °C,-3.478 °C
333,2026-03-19 01:19:10,-2.464 °C,-3.528 °C
334,2026-03-19 01:20:10,-2.469 °C,-3.516 °C
335,2026-03-19 01:21:10,-2.469 °C,-3.560 °C
336,2026-03-19 01:22:10,-2.461 °C,-3.547 °C
337,2026-03-19 01:23:10,-2.461 °C,-3.521 °C
338,2026-03-19 01:24:10,-2.464 °C,-3.506 °C
339,2026-03-19 01:25:10,-2.475 °C,-3.515 °C
340,2026-03-19 01:26:10,-2.525 °C,-3.532 °C
341,2026-03-19 01:27:10,-2.591 °C,-3.565 °C
342,2026-03-19 01:28:10,-2.641 °C,-3.594 °C
343,2026-03-19 01:29:10,-2.671 °C,-3.580 °C
344,2026-03-19 01:30:10,-2.686 °C,-3.596 °C
345,2026-03-19 01:31:10,-2.664 °C,-3.597 °C
346,2026-03-19 01:32:10,-2.618 °C,-3.580 °C
347,2026-03-19 01:33:10,-2.603 °C,-3.570 °C
348,2026-03-19 01:34:10,-2.583 °C,-3.530 °C
349,2026-03-19 01:35:10,-2.547 °C,-3.486 °C
350,2026-03-19 01:36:10,-2.512 °C,-3.457 °C
351,2026-03-19 01:37:10,-2.515 °C,-3.471 °C
352,2026-03-19 01:38:10,-2.530 °C,-3.466 °C
353,2026-03-19 01:39:10,-2.547 °C,-3.508 °C
354,2026-03-19 01:40:10,-2.558 °C,-3.483 °C
355,2026-03-19 01:41:10,-2.591 °C,-3.489 °C
356,2026-03-19 01:42:10,-2.639 °C,-3.525 °C
357,2026-03-19 01:43:10,-2.677 °C,-3.525 °C
358,2026-03-19 01:44:10,-2.734 °C,-3.552 °C
359,2026-03-19 01:45:10,-2.807 °C,-3.599 °C
360,2026-03-19 01:46:10,-2.895 °C,-3.638 °C
361,2026-03-19 01:47:10,-2.917 °C,-3.584 °C
362,2026-03-19 01:48:10,-2.918 °C,-3.585 °C
363,2026-03-19 01:49:10,-2.905 °C,-3.582 °C
364,2026-03-19 01:50:10,-2.882 °C,-3.550 °C
365,2026-03-19 01:51:10,-2.845 °C,-3.574 °C
366,2026-03-19 01:52:10,-2.837 °C,-3.584 °C
367,2026-03-19 01:53:10,-2.847 °C,-3.569 °C
368,2026-03-19 01:54:10,-2.882 °C,-3.540 °C
369,2026-03-19 01:55:10,-2.932 °C,-3.602 °C
370,2026-03-19 01:56:10,-2.988 °C,-3.609 °C
371,2026-03-19 01:57:10,-3.019 °C,-3.604 °C
372,2026-03-19 01:58:10,-3.070 °C,-3.645 °C
373,2026-03-19 01:59:10,-3.147 °C,-3.695 °C
374,2026-03-19 02:00:10,-3.222 °C,-3.722 °C
375,2026-03-19 02:01:10,-3.284 °C,-3.729 °C
376,2026-03-19 02:02:10,-3.321 °C,-3.710 °C
377,2026-03-19 02:03:10,-3.368 °C,-3.749 °C
378,2026-03-19 02:04:10,-3.439 °C,-3.776 °C
379,2026-03-19 02:05:10,-3.523 °C,-3.812 °C
380,2026-03-19 02:06:10,-3.599 °C,-3.853 °C
381,2026-03-19 02:07:10,-3.670 °C,-3.903 °C
382,2026-03-19 02:08:10,-3.737 °C,-3.947 °C
383,2026-03-19 02:09:10,-3.829 °C,-3.987 °C
384,2026-03-19 02:10:10,-3.934 °C,-4.012 °C
385,2026-03-19 02:11:10,-4.010 °C,-4.017 °C
386,2026-03-19 02:12:10,-4.068 °C,-4.009 °C
387,2026-03-19 02:13:10,-4.080 °C,-3.975 °C
388,2026-03-19 02:14:10,-4.099 °C,-3.997 °C
389,2026-03-19 02:15:10,-4.126 °C,-4.038 °C
390,2026-03-19 02:16:10,-4.078 °C,-3.998 °C
391,2026-03-19 02:17:10,-3.917 °C,-3.851 °C
392,2026-03-19 02:18:10,-3.758 °C,-3.820 °C
393,2026-03-19 02:19:10,-3.663 °C,-3.824 °C
394,2026-03-19 02:20:10,-3.579 °C,-3.810 °C
395,2026-03-19 02:21:10,-3.537 °C,-3.829 °C
396,2026-03-19 02:22:10,-3.528 °C,-3.812 °C
397,2026-03-19 02:23:10,-3.516 °C,-3.800 °C
398,2026-03-19 02:24:10,-3.503 °C,-3.824 °C
399,2026-03-19 02:25:10,-3.540 °C,-3.905 °C
400,2026-03-19 02:26:10,-3.555 °C,-3.844 °C
401,2026-03-19 02:27:10,-3.532 °C,-3.825 °C
402,2026-03-19 02:28:10,-3.515 °C,-3.858 °C
403,2026-03-19 02:29:10,-3.439 °C,-3.819 °C
404,2026-03-19 02:30:10,-3.363 °C,-3.756 °C
405,2026-03-19 02:31:10,-3.283 °C,-3.683 °C
406,2026-03-19 02:32:10,-3.246 °C,-3.668 °C
407,2026-03-19 02:33:10,-3.226 °C,-3.724 °C
408,2026-03-19 02:34:10,-3.249 °C,-3.798 °C
409,2026-03-19 02:35:10,-3.288 °C,-3.822 °C
410,2026-03-19 02:36:10,-3.301 °C,-3.786 °C
411,2026-03-19 02:37:10,-3.321 °C,-3.773 °C
412,2026-03-19 02:38:10,-3.350 °C,-3.836 °C
413,2026-03-19 02:39:10,-3.429 °C,-3.880 °C
414,2026-03-19 02:40:10,-3.500 °C,-3.908 °C
415,2026-03-19 02:41:10,-3.580 °C,-3.949 °C
416,2026-03-19 02:42:10,-3.660 °C,-3.981 °C
417,2026-03-19 02:43:10,-3.741 °C,-3.983 °C
418,2026-03-19 02:44:10,-3.807 °C,-3.956 °C
419,2026-03-19 02:45:10,-3.841 °C,-3.976 °C
420,2026-03-19 02:46:10,-3.900 °C,-3.981 °C
421,2026-03-19 02:47:10,-3.966 °C,-4.021 °C
422,2026-03-19 02:48:10,-4.063 °C,-4.094 °C
423,2026-03-19 02:49:10,-4.138 °C,-4.165 °C
424,2026-03-19 02:50:10,-4.252 °C,-4.182 °C
425,2026-03-19 02:51:10,-4.338 °C,-4.225 °C
426,2026-03-19 02:52:10,-4.440 °C,-4.259 °C
427,2026-03-19 02:53:10,-4.559 °C,-4.261 °C
428,2026-03-19 02:54:10,-4.658 °C,-4.305 °C
429,2026-03-19 02:55:10,-4.753 °C,-4.362 °C
430,2026-03-19 02:56:10,-4.853 °C,-4.410 °C
431,2026-03-19 02:57:10,-4.945 °C,-4.423 °C
432,2026-03-19 02:58:10,-5.049 °C,-4.454 °C
433,2026-03-19 02:59:10,-5.094 °C,-4.433 °C
434,2026-03-19 03:00:10,-5.151 °C,-4.416 °C
435,2026-03-19 03:01:10,-5.135 °C,-4.375 °C
436,2026-03-19 03:02:10,-5.109 °C,-4.356 °C
437,2026-03-19 03:03:10,-5.092 °C,-4.368 °C
438,2026-03-19 03:04:10,-5.082 °C,-4.379 °C
439,2026-03-19 03:05:10,-5.044 °C,-4.344 °C
440,2026-03-19 03:06:10,-4.936 °C,-4.307 °C
441,2026-03-19 03:07:10,-4.820 °C,-4.276 °C
442,2026-03-19 03:08:10,-4.758 °C,-4.314 °C
443,2026-03-19 03:09:10,-4.703 °C,-4.331 °C
444,2026-03-19 03:10:10,-4.646 °C,-4.324 °C
445,2026-03-19 03:11:10,-4.605 °C,-4.317 °C
446,2026-03-19 03:12:10,-4.588 °C,-4.353 °C
447,2026-03-19 03:13:10,-4.593 °C,-4.386 °C
448,2026-03-19 03:14:10,-4.595 °C,-4.386 °C
449,2026-03-19 03:15:10,-4.584 °C,-4.374 °C
450,2026-03-19 03:16:10,-4.571 °C,-4.406 °C
451,2026-03-19 03:17:10,-4.500 °C,-4.336 °C
452,2026-03-19 03:18:10,-4.421 °C,-4.288 °C
453,2026-03-19 03:19:10,-4.326 °C,-4.268 °C
454,2026-03-19 03:20:10,-4.295 °C,-4.367 °C
455,2026-03-19 03:21:10,-4.327 °C,-4.428 °C
456,2026-03-19 03:22:10,-4.410 °C,-4.468 °C
457,2026-03-19 03:23:10,-4.468 °C,-4.488 °C
458,2026-03-19 03:24:10,-4.483 °C,-4.456 °C
459,2026-03-19 03:25:10,-4.433 °C,-4.363 °C
460,2026-03-19 03:26:10,-4.437 °C,-4.423 °C
461,2026-03-19 03:27:10,-4.492 °C,-4.519 °C
462,2026-03-19 03:28:10,-4.536 °C,-4.542 °C
463,2026-03-19 03:29:10,-4.571 °C,-4.511 °C
464,2026-03-19 03:30:10,-4.584 °C,-4.512 °C
465,2026-03-19 03:31:10,-4.571 °C,-4.535 °C
466,2026-03-19 03:32:10,-4.466 °C,-4.454 °C
467,2026-03-19 03:33:10,-4.356 °C,-4.392 °C
468,2026-03-19 03:34:10,-4.286 °C,-4.389 °C
469,2026-03-19 03:35:10,-4.250 °C,-4.375 °C
470,2026-03-19 03:36:10,-4.218 °C,-4.372 °C
471,2026-03-19 03:37:10,-4.225 °C,-4.355 °C
472,2026-03-19 03:38:10,-4.250 °C,-4.435 °C
473,2026-03-19 03:39:10,-4.215 °C,-4.435 °C
474,2026-03-19 03:40:10,-4.199 °C,-4.398 °C
475,2026-03-19 03:41:10,-4.148 °C,-4.375 °C
476,2026-03-19 03:42:10,-4.094 °C,-4.351 °C
477,2026-03-19 03:43:10,-4.082 °C,-4.379 °C
478,2026-03-19 03:44:10,-4.111 °C,-4.428 °C
479,2026-03-19 03:45:10,-4.145 °C,-4.421 °C
480,2026-03-19 03:46:10,-4.158 °C,-4.413 °C
481,2026-03-19 03:47:10,-4.145 °C,-4.406 °C
482,2026-03-19 03:48:10,-4.106 °C,-4.329 °C
483,2026-03-19 03:49:10,-4.027 °C,-4.278 °C
484,2026-03-19 03:50:10,-3.941 °C,-4.268 °C
485,2026-03-19 03:51:10,-3.819 °C,-4.261 °C
486,2026-03-19 03:52:10,-3.699 °C,-4.268 °C
487,2026-03-19 03:53:10,-3.602 °C,-4.273 °C
488,2026-03-19 03:54:10,-3.528 °C,-4.227 °C
489,2026-03-19 03:55:10,-3.427 °C,-4.148 °C
490,2026-03-19 03:56:10,-3.343 °C,-4.083 °C
491,2026-03-19 03:57:10,-3.268 °C,-4.027 °C
492,2026-03-19 03:58:10,-3.221 °C,-4.036 °C
493,2026-03-19 03:59:10,-3.209 °C,-4.031 °C
494,2026-03-19 04:00:10,-3.229 °C,-4.072 °C
495,2026-03-19 04:01:10,-3.279 °C,-4.135 °C
496,2026-03-19 04:02:10,-3.328 °C,-4.187 °C
497,2026-03-19 04:03:10,-3.384 °C,-4.211 °C
498,2026-03-19 04:04:10,-3.424 °C,-4.175 °C
499,2026-03-19 04:05:10,-3.474 °C,-4.169 °C
500,2026-03-19 04:06:10,-3.520 °C,-4.208 °C
501,2026-03-19 04:07:10,-3.565 °C,-4.239 °C
502,2026-03-19 04:08:10,-3.565 °C,-4.225 °C
503,2026-03-19 04:09:10,-3.515 °C,-4.146 °C
504,2026-03-19 04:10:10,-3.451 °C,-4.119 °C
505,2026-03-19 04:11:10,-3.427 °C,-4.100 °C
506,2026-03-19 04:12:10,-3.432 °C,-4.073 °C
507,2026-03-19 04:13:10,-3.466 °C,-4.078 °C
508,2026-03-19 04:14:10,-3.500 °C,-4.106 °C
509,2026-03-19 04:15:10,-3.525 °C,-4.146 °C
510,2026-03-19 04:16:10,-3.508 °C,-4.128 °C
511,2026-03-19 04:17:10,-3.419 °C,-4.049 °C
512,2026-03-19 04:18:10,-3.308 °C,-4.034 °C
513,2026-03-19 04:19:10,-3.248 °C,-4.053 °C
514,2026-03-19 04:20:10,-3.253 °C,-4.070 °C
515,2026-03-19 04:21:10,-3.286 °C,-4.094 °C
516,2026-03-19 04:22:10,-3.311 °C,-4.092 °C
517,2026-03-19 04:23:10,-3.336 °C,-4.083 °C
518,2026-03-19 04:24:10,-3.358 °C,-4.087 °C
519,2026-03-19 04:25:10,-3.400 °C,-4.099 °C
520,2026-03-19 04:26:10,-3.461 °C,-4.118 °C
521,2026-03-19 04:27:10,-3.538 °C,-4.157 °C
522,2026-03-19 04:28:10,-3.621 °C,-4.186 °C
523,2026-03-19 04:29:10,-3.705 °C,-4.206 °C
524,2026-03-19 04:30:10,-3.768 °C,-4.228 °C
525,2026-03-19 04:31:10,-3.807 °C,-4.220 °C
526,2026-03-19 04:32:10,-3.820 °C,-4.227 °C
527,2026-03-19 04:33:10,-3.834 °C,-4.237 °C
528,2026-03-19 04:34:10,-3.842 °C,-4.216 °C
529,2026-03-19 04:35:10,-3.868 °C,-4.204 °C
530,2026-03-19 04:36:10,-3.892 °C,-4.223 °C
531,2026-03-19 04:37:10,-3.903 °C,-4.233 °C
532,2026-03-19 04:38:10,-3.875 °C,-4.232 °C
533,2026-03-19 04:39:10,-3.829 °C,-4.204 °C
534,2026-03-19 04:40:10,-3.802 °C,-4.199 °C
535,2026-03-19 04:41:10,-3.800 °C,-4.192 °C
536,2026-03-19 04:42:10,-3.814 °C,-4.204 °C
537,2026-03-19 04:43:10,-3.832 °C,-4.233 °C
538,2026-03-19 04:44:10,-3.842 °C,-4.242 °C
539,2026-03-19 04:45:10,-3.859 °C,-4.235 °C
540,2026-03-19 04:46:10,-3.869 °C,-4.233 °C
541,2026-03-19 04:47:10,-3.881 °C,-4.232 °C
542,2026-03-19 04:48:10,-3.863 °C,-4.227 °C
543,2026-03-19 04:49:10,-3.830 °C,-4.233 °C
544,2026-03-19 04:50:10,-3.805 °C,-4.227 °C
545,2026-03-19 04:51:10,-3.792 °C,-4.233 °C
546,2026-03-19 04:52:10,-3.785 °C,-4.216 °C
547,2026-03-19 04:53:10,-3.795 °C,-4.218 °C
548,2026-03-19 04:54:10,-3.808 °C,-4.223 °C
549,2026-03-19 04:55:10,-3.827 °C,-4.223 °C
550,2026-03-19 04:56:10,-3.820 °C,-4.208 °C
551,2026-03-19 04:57:10,-3.802 °C,-4.201 °C
552,2026-03-19 04:58:10,-3.795 °C,-4.199 °C
553,2026-03-19 04:59:10,-3.793 °C,-4.194 °C
554,2026-03-19 05:00:10,-3.780 °C,-4.204 °C
555,2026-03-19 05:01:10,-3.770 °C,-4.223 °C
556,2026-03-19 05:02:10,-3.734 °C,-4.186 °C
557,2026-03-19 05:03:10,-3.700 °C,-4.191 °C
558,2026-03-19 05:04:10,-3.687 °C,-4.186 °C
559,2026-03-19 05:05:10,-3.688 °C,-4.186 °C
560,2026-03-19 05:06:10,-3.656 °C,-4.114 °C
561,2026-03-19 05:07:10,-3.604 °C,-4.131 °C
562,2026-03-19 05:08:10,-3.520 °C,-4.109 °C
563,2026-03-19 05:09:10,-3.452 °C,-4.070 °C
564,2026-03-19 05:10:10,-3.395 °C,-4.055 °C
565,2026-03-19 05:11:10,-3.350 °C,-4.066 °C
566,2026-03-19 05:12:10,-3.308 °C,-4.078 °C
567,2026-03-19 05:13:10,-3.239 °C,-4.044 °C
568,2026-03-19 05:14:10,-3.194 °C,-3.983 °C
569,2026-03-19 05:15:10,-3.174 °C,-3.961 °C
570,2026-03-19 05:16:10,-3.152 °C,-3.968 °C
571,2026-03-19 05:17:10,-3.115 °C,-3.990 °C
572,2026-03-19 05:18:10,-3.037 °C,-3.914 °C
573,2026-03-19 05:19:10,-2.943 °C,-3.866 °C
574,2026-03-19 05:20:10,-2.880 °C,-3.880 °C
575,2026-03-19 05:21:10,-2.844 °C,-3.844 °C
576,2026-03-19 05:22:10,-2.829 °C,-3.812 °C
577,2026-03-19 05:23:10,-2.837 °C,-3.880 °C
578,2026-03-19 05:24:10,-2.864 °C,-3.905 °C
579,2026-03-19 05:25:10,-2.898 °C,-3.931 °C
580,2026-03-19 05:26:10,-2.957 °C,-3.964 °C
581,2026-03-19 05:27:10,-3.014 °C,-3.985 °C
582,2026-03-19 05:28:10,-3.072 °C,-4.029 °C
583,2026-03-19 05:29:10,-3.069 °C,-3.995 °C
584,2026-03-19 05:30:10,-3.037 °C,-3.920 °C
585,2026-03-19 05:31:10,-3.025 °C,-3.885 °C
586,2026-03-19 05:32:10,-3.039 °C,-3.900 °C
587,2026-03-19 05:33:10,-3.067 °C,-3.937 °C
588,2026-03-19 05:34:10,-3.104 °C,-3.968 °C
589,2026-03-19 05:35:10,-3.142 °C,-3.970 °C
590,2026-03-19 05:36:10,-3.169 °C,-3.964 °C
591,2026-03-19 05:37:10,-3.194 °C,-3.973 °C
592,2026-03-19 05:38:10,-3.202 °C,-3.964 °C
593,2026-03-19 05:39:10,-3.192 °C,-3.939 °C
594,2026-03-19 05:40:10,-3.171 °C,-3.908 °C
595,2026-03-19 05:41:10,-3.144 °C,-3.881 °C
596,2026-03-19 05:42:10,-3.105 °C,-3.895 °C
597,2026-03-19 05:43:10,-3.087 °C,-3.929 °C
598,2026-03-19 05:44:10,-3.074 °C,-3.919 °C
599,2026-03-19 05:45:10,-3.065 °C,-3.902 °C
600,2026-03-19 05:46:10,-3.069 °C,-3.898 °C
601,2026-03-19 05:47:10,-3.070 °C,-3.878 °C
602,2026-03-19 05:48:10,-3.084 °C,-3.900 °C
603,2026-03-19 05:49:10,-3.110 °C,-3.917 °C
604,2026-03-19 05:50:10,-3.130 °C,-3.932 °C
605,2026-03-19 05:51:10,-3.139 °C,-3.908 °C
606,2026-03-19 05:52:10,-3.137 °C,-3.895 °C
607,2026-03-19 05:53:10,-3.130 °C,-3.886 °C
608,2026-03-19 05:54:10,-3.122 °C,-3.905 °C
609,2026-03-19 05:55:10,-3.114 °C,-3.914 °C
610,2026-03-19 05:56:10,-3.115 °C,-3.937 °C
611,2026-03-19 05:57:10,-3.107 °C,-3.946 °C
612,2026-03-19 05:58:10,-3.092 °C,-3.924 °C
613,2026-03-19 05:59:10,-3.087 °C,-3.934 °C
614,2026-03-19 06:00:10,-3.080 °C,-3.932 °C
615,2026-03-19 06:01:10,-3.072 °C,-3.944 °C
616,2026-03-19 06:02:10,-3.040 °C,-3.915 °C
617,2026-03-19 06:03:10,-2.998 °C,-3.895 °C
618,2026-03-19 06:04:10,-2.962 °C,-3.822 °C
619,2026-03-19 06:05:10,-2.922 °C,-3.878 °C
620,2026-03-19 06:06:10,-2.883 °C,-3.881 °C
621,2026-03-19 06:07:10,-2.850 °C,-3.885 °C
622,2026-03-19 06:08:10,-2.797 °C,-3.827 °C
623,2026-03-19 06:09:10,-2.742 °C,-3.729 °C
624,2026-03-19 06:10:10,-2.699 °C,-3.808 °C
625,2026-03-19 06:11:10,-2.692 °C,-3.830 °C
626,2026-03-19 06:12:10,-2.679 °C,-3.812 °C
627,2026-03-19 06:13:10,-2.671 °C,-3.790 °C
628,2026-03-19 06:14:10,-2.676 °C,-3.808 °C
629,2026-03-19 06:15:10,-2.696 °C,-3.864 °C
630,2026-03-19 06:16:10,-2.677 °C,-3.802 °C
631,2026-03-19 06:17:10,-2.654 °C,-3.771 °C
632,2026-03-19 06:18:10,-2.661 °C,-3.837 °C
633,2026-03-19 06:19:10,-2.648 °C,-3.797 °C
634,2026-03-19 06:20:10,-2.598 °C,-3.722 °C
635,2026-03-19 06:21:10,-2.553 °C,-3.672 °C
636,2026-03-19 06:22:10,-2.533 °C,-3.673 °C
637,2026-03-19 06:23:10,-2.522 °C,-3.645 °C
638,2026-03-19 06:24:10,-2.523 °C,-3.673 °C
639,2026-03-19 06:25:10,-2.515 °C,-3.688 °C
640,2026-03-19 06:26:10,-2.494 °C,-3.705 °C
641,2026-03-19 06:27:10,-2.474 °C,-3.707 °C
642,2026-03-19 06:28:10,-2.442 °C,-3.653 °C
643,2026-03-19 06:29:10,-2.432 °C,-3.678 °C
644,2026-03-19 06:30:10,-2.396 °C,-3.577 °C
645,2026-03-19 06:31:10,-2.350 °C,-3.518 °C
646,2026-03-19 06:32:10,-2.325 °C,-3.484 °C
647,2026-03-19 06:33:10,-2.317 °C,-3.494 °C
648,2026-03-19 06:34:10,-2.333 °C,-3.584 °C
649,2026-03-19 06:35:10,-2.355 °C,-3.633 °C
650,2026-03-19 06:36:10,-2.365 °C,-3.636 °C
651,2026-03-19 06:37:10,-2.348 °C,-3.606 °C
652,2026-03-19 06:38:10,-2.347 °C,-3.587 °C
653,2026-03-19 06:39:10,-2.340 °C,-3.550 °C
654,2026-03-19 06:40:10,-2.312 °C,-3.481 °C
655,2026-03-19 06:41:10,-2.284 °C,-3.523 °C
656,2026-03-19 06:42:10,-2.251 °C,-3.484 °C
657,2026-03-19 06:43:10,-2.225 °C,-3.483 °C
658,2026-03-19 06:44:10,-2.236 °C,-3.494 °C
659,2026-03-19 06:45:10,-2.246 °C,-3.503 °C
660,2026-03-19 06:46:10,-2.282 °C,-3.452 °C
661,2026-03-19 06:47:10,-2.256 °C,-3.382 °C
662,2026-03-19 06:48:10,-2.243 °C,-3.417 °C
663,2026-03-19 06:49:10,-2.284 °C,-3.432 °C
664,2026-03-19 06:50:10,-2.281 °C,-3.410 °C
665,2026-03-19 06:51:10,-2.279 °C,-3.404 °C
666,2026-03-19 06:52:10,-2.263 °C,-3.382 °C
667,2026-03-19 06:53:10,-2.279 °C,-3.456 °C
668,2026-03-19 06:54:10,-2.279 °C,-3.491 °C
669,2026-03-19 06:55:10,-2.266 °C,-3.415 °C
670,2026-03-19 06:56:10,-2.233 °C,-3.353 °C
671,2026-03-19 06:57:10,-2.172 °C,-3.295 °C
672,2026-03-19 06:58:10,-2.088 °C,-3.234 °C
673,2026-03-19 06:59:10,-2.032 °C,-3.191 °C
674,2026-03-19 07:00:10,-1.985 °C,-3.172 °C
675,2026-03-19 07:01:10,-1.949 °C,-3.209 °C
676,2026-03-19 07:02:10,-1.939 °C,-3.238 °C
677,2026-03-19 07:03:10,-1.947 °C,-3.256 °C
678,2026-03-19 07:04:10,-1.954 °C,-3.249 °C
679,2026-03-19 07:05:10,-1.952 °C,-3.264 °C
680,2026-03-19 07:06:10,-1.965 °C,-3.278 °C
681,2026-03-19 07:07:10,-1.985 °C,-3.284 °C
682,2026-03-19 07:08:10,-1.996 °C,-3.278 °C
683,2026-03-19 07:09:10,-2.009 °C,-3.288 °C
684,2026-03-19 07:10:10,-2.042 °C,-3.310 °C
685,2026-03-19 07:11:10,-2.065 °C,-3.333 °C
686,2026-03-19 07:12:10,-2.106 °C,-3.390 °C
687,2026-03-19 07:13:10,-2.154 °C,-3.461 °C
688,2026-03-19 07:14:10,-2.172 °C,-3.456 °C
689,2026-03-19 07:15:10,-2.165 °C,-3.439 °C
690,2026-03-19 07:16:10,-2.116 °C,-3.407 °C
691,2026-03-19 07:17:10,-2.075 °C,-3.402 °C
692,2026-03-19 07:18:10,-2.052 °C,-3.390 °C
693,2026-03-19 07:19:10,-2.034 °C,-3.367 °C
694,2026-03-19 07:20:10,-2.021 °C,-3.385 °C
695,2026-03-19 07:21:10,-2.011 °C,-3.395 °C
696,2026-03-19 07:22:10,-2.039 °C,-3.439 °C
697,2026-03-19 07:23:10,-2.069 °C,-3.461 °C
698,2026-03-19 07:24:10,-2.098 °C,-3.481 °C
699,2026-03-19 07:25:10,-2.093 °C,-3.446 °C
700,2026-03-19 07:26:10,-2.096 °C,-3.459 °C
701,2026-03-19 07:27:10,-2.101 °C,-3.449 °C
702,2026-03-19 07:28:10,-2.106 °C,-3.414 °C
703,2026-03-19 07:29:10,-2.115 °C,-3.457 °C
704,2026-03-19 07:30:10,-2.123 °C,-3.451 °C
705,2026-03-19 07:31:10,-2.126 °C,-3.476 °C
706,2026-03-19 07:32:10,-2.152 °C,-3.464 °C
707,2026-03-19 07:33:10,-2.157 °C,-3.454 °C
708,2026-03-19 07:34:10,-2.152 °C,-3.434 °C
709,2026-03-19 07:35:10,-2.128 °C,-3.442 °C
710,2026-03-19 07:36:10,-2.126 °C,-3.442 °C
711,2026-03-19 07:37:10,-2.128 °C,-3.444 °C
712,2026-03-19 07:38:10,-2.116 °C,-3.436 °C
713,2026-03-19 07:39:10,-2.080 °C,-3.394 °C
714,2026-03-19 07:40:10,-2.037 °C,-3.385 °C
715,2026-03-19 07:41:10,-2.024 °C,-3.384 °C
716,2026-03-19 07:42:10,-2.000 °C,-3.373 °C
717,2026-03-19 07:43:10,-1.965 °C,-3.353 °C
718,2026-03-19 07:44:10,-1.939 °C,-3.328 °C
719,2026-03-19 07:45:10,-1.914 °C,-3.316 °C
720,2026-03-19 07:46:10,-1.901 °C,-3.325 °C
721,2026-03-19 07:47:10,-1.903 °C,-3.296 °C
722,2026-03-19 07:48:10,-1.892 °C,-3.305 °C
723,2026-03-19 07:49:10,-1.893 °C,-3.345 °C
724,2026-03-19 07:50:10,-1.921 °C,-3.395 °C
725,2026-03-19 07:51:10,-1.949 °C,-3.437 °C
726,2026-03-19 07:52:10,-1.980 °C,-3.442 °C
727,2026-03-19 07:53:10,-1.990 °C,-3.432 °C
728,2026-03-19 07:54:10,-1.996 °C,-3.426 °C
729,2026-03-19 07:55:10,-2.011 °C,-3.420 °C
730,2026-03-19 07:56:10,-2.041 °C,-3.439 °C
731,2026-03-19 07:57:10,-2.039 °C,-3.429 °C
732,2026-03-19 07:58:10,-2.031 °C,-3.436 °C
733,2026-03-19 07:59:10,-2.032 °C,-3.473 °C
734,2026-03-19 08:00:10,-2.062 °C,-3.515 °C
735,2026-03-19 08:01:10,-2.085 °C,-3.528 °C
736,2026-03-19 08:02:10,-2.080 °C,-3.528 °C
737,2026-03-19 08:03:10,-2.082 °C,-3.523 °C
738,2026-03-19 08:04:10,-2.092 °C,-3.520 °C
739,2026-03-19 08:05:10,-2.101 °C,-3.494 °C
740,2026-03-19 08:06:10,-2.108 °C,-3.457 °C
741,2026-03-19 08:07:10,-2.131 °C,-3.437 °C
742,2026-03-19 08:08:10,-2.108 °C,-3.459 °C
743,2026-03-19 08:09:10,-2.093 °C,-3.483 °C
744,2026-03-19 08:10:10,-2.067 °C,-3.466 °C
745,2026-03-19 08:11:10,-2.036 °C,-3.456 °C
746,2026-03-19 08:12:10,-2.026 °C,-3.446 °C
747,2026-03-19 08:13:10,-2.029 °C,-3.427 °C
748,2026-03-19 08:14:10,-2.050 °C,-3.420 °C
749,2026-03-19 08:15:10,-2.041 °C,-3.405 °C
750,2026-03-19 08:16:10,-2.032 °C,-3.400 °C
751,2026-03-19 08:17:10,-2.019 °C,-3.385 °C
752,2026-03-19 08:18:10,-1.993 °C,-3.402 °C
753,2026-03-19 08:19:10,-1.995 °C,-3.441 °C
754,2026-03-19 08:20:10,-2.023 °C,-3.452 °C
755,2026-03-19 08:21:10,-2.001 °C,-3.400 °C
756,2026-03-19 08:22:10,-1.923 °C,-3.360 °C
757,2026-03-19 08:23:10,-1.846 °C,-3.328 °C
758,2026-03-19 08:24:10,-1.759 °C,-3.293 °C
759,2026-03-19 08:25:10,-1.722 °C,-3.326 °C
760,2026-03-19 08:26:10,-1.695 °C,-3.350 °C
761,2026-03-19 08:27:10,-1.684 °C,-3.367 °C
762,2026-03-19 08:28:10,-1.689 °C,-3.338 °C
763,2026-03-19 08:29:10,-1.700 °C,-3.340 °C
764,2026-03-19 08:30:10,-1.684 °C,-3.320 °C
765,2026-03-19 08:31:10,-1.660 °C,-3.296 °C
766,2026-03-19 08:32:10,-1.629 °C,-3.263 °C
767,2026-03-19 08:33:10,-1.614 °C,-3.231 °C
768,2026-03-19 08:34:10,-1.588 °C,-3.179 °C
769,2026-03-19 08:35:10,-1.562 °C,-3.144 °C
770,2026-03-19 08:36:10,-1.550 °C,-3.122 °C
771,2026-03-19 08:37:10,-1.550 °C,-3.115 °C
772,2026-03-19 08:38:10,-1.567 °C,-3.125 °C
773,2026-03-19 08:39:10,-1.572 °C,-3.149 °C
774,2026-03-19 08:40:10,-1.616 °C,-3.189 °C
775,2026-03-19 08:41:10,-1.669 °C,-3.211 °C
776,2026-03-19 08:42:10,-1.686 °C,-3.196 °C
777,2026-03-19 08:43:10,-1.717 °C,-3.182 °C
778,2026-03-19 08:44:10,-1.695 °C,-3.097 °C
779,2026-03-19 08:45:10,-1.637 °C,-3.030 °C
780,2026-03-19 08:46:10,-1.559 °C,-2.958 °C
781,2026-03-19 08:47:10,-1.487 °C,-2.908 °C
782,2026-03-19 08:48:10,-1.430 °C,-2.880 °C
783,2026-03-19 08:49:10,-1.393 °C,-2.857 °C
784,2026-03-19 08:50:10,-1.338 °C,-2.849 °C
785,2026-03-19 08:51:10,-1.284 °C,-2.819 °C
786,2026-03-19 08:52:10,-1.216 °C,-2.807 °C
787,2026-03-19 08:53:10,-1.158 °C,-2.799 °C
788,2026-03-19 08:54:10,-1.159 °C,-2.805 °C
789,2026-03-19 08:55:10,-1.122 °C,-2.812 °C
790,2026-03-19 08:56:10,-1.106 °C,-2.809 °C
791,2026-03-19 08:57:10,-1.092 °C,-2.817 °C
792,2026-03-19 08:58:10,-1.105 °C,-2.817 °C
793,2026-03-19 08:59:10,-1.071 °C,-2.809 °C
794,2026-03-19 09:00:10,-1.066 °C,-2.827 °C
795,2026-03-19 09:01:10,-1.071 °C,-2.837 °C
796,2026-03-19 09:02:10,-1.054 °C,-2.832 °C
797,2026-03-19 09:03:10,-1.061 °C,-2.822 °C
798,2026-03-19 09:04:10,-1.103 °C,-2.842 °C
799,2026-03-19 09:05:10,-1.174 °C,-2.885 °C
800,2026-03-19 09:06:10,-1.187 °C,-2.938 °C
801,2026-03-19 09:07:10,-1.326 °C,-2.980 °C
802,2026-03-19 09:08:10,-1.375 °C,-2.990 °C
803,2026-03-19 09:09:10,-1.432 °C,-2.972 °C
804,2026-03-19 09:10:10,-1.438 °C,-2.953 °C
805,2026-03-19 09:11:10,-1.450 °C,-2.912 °C
806,2026-03-19 09:12:10,-1.424 °C,-2.893 °C
807,2026-03-19 09:13:10,-1.420 °C,-2.860 °C
808,2026-03-19 09:14:10,-1.406 °C,-2.850 °C
809,2026-03-19 09:15:10,-1.415 °C,-2.880 °C
810,2026-03-19 09:16:10,-1.446 °C,-2.915 °C
811,2026-03-19 09:17:10,-1.448 °C,-2.930 °C
812,2026-03-19 09:18:10,-1.435 °C,-2.908 °C
813,2026-03-19 09:19:10,-1.425 °C,-2.890 °C
814,2026-03-19 09:20:10,-1.445 °C,-2.855 °C
815,2026-03-19 09:21:10,-1.445 °C,-2.825 °C
816,2026-03-19 09:22:10,-1.401 °C,-2.830 °C
817,2026-03-19 09:23:10,-1.362 °C,-2.824 °C
818,2026-03-19 09:24:10,-1.385 °C,-2.830 °C
819,2026-03-19 09:25:10,-1.403 °C,-2.805 °C
820,2026-03-19 09:26:10,-1.360 °C,-2.769 °C
821,2026-03-19 09:27:10,-1.308 °C,-2.731 °C
822,2026-03-19 09:28:10,-1.268 °C,-2.701 °C
823,2026-03-19 09:29:10,-1.208 °C,-2.679 °C
824,2026-03-19 09:30:10,-1.163 °C,-2.672 °C
825,2026-03-19 09:31:10,-1.124 °C,-2.667 °C
826,2026-03-19 09:32:10,-1.100 °C,-2.654 °C
827,2026-03-19 09:33:10,-1.066 °C,-2.654 °C
828,2026-03-19 09:34:10,-1.043 °C,-2.648 °C
829,2026-03-19 09:35:10,-1.035 °C,-2.601 °C
830,2026-03-19 09:36:10,-1.074 °C,-2.571 °C
831,2026-03-19 09:37:10,-1.074 °C,-2.568 °C
832,2026-03-19 09:38:10,-1.108 °C,-2.575 °C
833,2026-03-19 09:39:10,-1.103 °C,-2.590 °C
834,2026-03-19 09:40:10,-1.079 °C,-2.598 °C
835,2026-03-19 09:41:10,-1.054 °C,-2.588 °C
836,2026-03-19 09:42:10,-1.064 °C,-2.568 °C
837,2026-03-19 09:43:10,-1.095 °C,-2.560 °C
838,2026-03-19 09:44:10,-1.100 °C,-2.566 °C
839,2026-03-19 09:45:10,-1.132 °C,-2.585 °C
840,2026-03-19 09:46:10,-1.134 °C,-2.611 °C
841,2026-03-19 09:47:10,-1.134 °C,-2.618 °C
842,2026-03-19 09:48:10,-1.117 °C,-2.651 °C
843,2026-03-19 09:49:10,-1.067 °C,-2.614 °C
844,2026-03-19 09:50:10,-1.043 °C,-2.583 °C
845,2026-03-19 09:51:10,-1.038 °C,-2.547 °C
846,2026-03-19 09:52:10,-0.995 °C,-2.508 °C
847,2026-03-19 09:53:10,-0.924 °C,-2.485 °C
848,2026-03-19 09:54:10,-0.943 °C,-2.499 °C
849,2026-03-19 09:55:10,-0.972 °C,-2.540 °C
850,2026-03-19 09:56:10,-1.035 °C,-2.550 °C
851,2026-03-19 09:57:10,-1.130 °C,-2.550 °C
852,2026-03-19 09:58:10,-1.126 °C,-2.561 °C
853,2026-03-19 09:59:10,-1.180 °C,-2.571 °C
854,2026-03-19 10:00:10,-1.192 °C,-2.575 °C
855,2026-03-19 10:01:10,-1.177 °C,-2.581 °C
856,2026-03-19 10:02:10,-1.161 °C,-2.566 °C
857,2026-03-19 10:03:10,-1.087 °C,-2.542 °C
858,2026-03-19 10:04:10,-1.001 °C,-2.508 °C
859,2026-03-19 10:05:10,-0.909 °C,-2.459 °C
860,2026-03-19 10:06:10,-0.771 °C,-2.423 °C
861,2026-03-19 10:07:10,-0.697 °C,-2.408 °C
862,2026-03-19 10:08:10,-0.667 °C,-2.393 °C
863,2026-03-19 10:09:10,-0.649 °C,-2.361 °C
864,2026-03-19 10:10:10,-0.598 °C,-2.322 °C
865,2026-03-19 10:11:10,-0.534 °C,-2.297 °C
866,2026-03-19 10:12:10,-0.465 °C,-2.294 °C
867,2026-03-19 10:13:10,-0.461 °C,-2.291 °C
868,2026-03-19 10:14:10,-0.461 °C,-2.294 °C
869,2026-03-19 10:15:10,-0.439 °C,-2.296 °C
870,2026-03-19 10:16:10,-0.447 °C,-2.302 °C
871,2026-03-19 10:17:10,-0.450 °C,-2.310 °C
872,2026-03-19 10:18:10,-0.437 °C,-2.292 °C
873,2026-03-19 10:19:10,-0.399 °C,-2.263 °C
874,2026-03-19 10:20:10,-0.356 °C,-2.240 °C
875,2026-03-19 10:21:10,-0.318 °C,-2.220 °C
876,2026-03-19 10:22:10,-0.284 °C,-2.215 °C
877,2026-03-19 10:23:10,-0.216 °C,-2.190 °C
878,2026-03-19 10:24:10,-0.149 °C,-2.151 °C
879,2026-03-19 10:25:10,-0.109 °C,-2.141 °C
880,2026-03-19 10:26:10,-0.077 °C,-2.138 °C
881,2026-03-19 10:27:10,-0.053 °C,-2.156 °C
882,2026-03-19 10:28:10,-0.058 °C,-2.195 °C
883,2026-03-19 10:29:10,-0.093 °C,-2.233 °C
884,2026-03-19 10:30:10,-0.107 °C,-2.263 °C
885,2026-03-19 10:31:10,-0.125 °C,-2.279 °C
886,2026-03-19 10:32:10,-0.139 °C,-2.279 °C
887,2026-03-19 10:33:10,-0.152 °C,-2.289 °C
888,2026-03-19 10:34:10,-0.163 °C,-2.322 °C
889,2026-03-19 10:35:10,-0.184 °C,-2.338 °C
890,2026-03-19 10:36:10,-0.200 °C,-2.357 °C
891,2026-03-19 10:37:10,-0.220 °C,-2.376 °C
892,2026-03-19 10:38:10,-0.294 °C,-2.414 °C
893,2026-03-19 10:39:10,-0.388 °C,-2.444 °C
894,2026-03-19 10:40:10,-0.444 °C,-2.525 °C
895,2026-03-19 10:41:10,-0.497 °C,-2.628 °C
896,2026-03-19 10:42:10,-0.530 °C,-2.692 °C
897,2026-03-19 10:43:10,-0.545 °C,-2.731 °C
898,2026-03-19 10:44:10,-0.564 °C,-2.767 °C
899,2026-03-19 10:45:10,-0.548 °C,-2.809 °C
900,2026-03-19 10:46:10,-0.564 °C,-2.882 °C
901,2026-03-19 10:47:10,-0.687 °C,-2.983 °C
902,2026-03-19 10:48:10,-0.834 °C,-3.085 °C
903,2026-03-19 10:49:10,-0.946 °C,-3.196 °C
904,2026-03-19 10:50:10,-1.067 °C,-3.296 °C
905,2026-03-19 10:51:10,-1.190 °C,-3.368 °C
906,2026-03-19 10:52:10,-1.253 °C,-3.414 °C
907,2026-03-19 10:53:10,-1.245 °C,-3.407 °C
908,2026-03-19 10:54:10,-0.983 °C,-3.263 °C
909,2026-03-19 10:55:10,-0.506 °C,-3.055 °C
910,2026-03-19 10:56:10,-0.193 °C,-2.943 °C
911,2026-03-19 10:57:10,-0.125 °C,-2.947 °C
912,2026-03-19 10:58:10,-0.171 °C,-3.005 °C
913,2026-03-19 10:59:10,-0.329 °C,-3.130 °C
914,2026-03-19 11:00:10,-0.694 °C,-3.357 °C
915,2026-03-19 11:01:10,-1.074 °C,-3.558 °C
916,2026-03-19 11:02:10,-1.333 °C,-3.665 °C
917,2026-03-19 11:03:10,-1.214 °C,-3.612 °C
918,2026-03-19 11:04:10,-0.855 °C,-3.569 °C
919,2026-03-19 11:05:10,-1.132 °C,-3.795 °C
920,2026-03-19 11:06:10,-1.552 °C,-3.959 °C
921,2026-03-19 11:07:10,-1.857 °C,-4.089 °C
922,2026-03-19 11:08:10,-2.116 °C,-4.167 °C
923,2026-03-19 11:09:10,-2.340 °C,-4.240 °C
924,2026-03-19 11:10:10,-2.525 °C,-4.314 °C
925,2026-03-19 11:11:10,-2.662 °C,-4.372 °C
926,2026-03-19 11:12:10,-2.777 °C,-4.413 °C
927,2026-03-19 11:13:10,-2.815 °C,-4.423 °C
928,2026-03-19 11:14:10,-2.807 °C,-4.425 °C
929,2026-03-19 11:15:10,-2.780 °C,-4.421 °C
930,2026-03-19 11:16:10,-2.752 °C,-4.418 °C
931,2026-03-19 11:17:10,-2.749 °C,-4.432 °C
932,2026-03-19 11:18:10,-2.757 °C,-4.440 °C
933,2026-03-19 11:19:10,-2.769 °C,-4.433 °C
934,2026-03-19 11:20:10,-2.674 °C,-4.362 °C
935,2026-03-19 11:21:10,-2.532 °C,-4.252 °C
936,2026-03-19 11:22:10,-2.358 °C,-4.129 °C
937,2026-03-19 11:23:10,-2.115 °C,-3.990 °C
938,2026-03-19 11:24:10,-1.870 °C,-3.951 °C
939,2026-03-19 11:25:10,-1.647 °C,-3.900 °C
940,2026-03-19 11:26:10,-1.390 °C,-3.824 °C
941,2026-03-19 11:27:10,-1.297 °C,-3.727 °C
942,2026-03-19 11:28:10,-1.338 °C,-3.687 °C
943,2026-03-19 11:29:10,-1.287 °C,-3.702 °C
944,2026-03-19 11:30:10,-1.231 °C,-3.753 °C
945,2026-03-19 11:31:10,-1.033 °C,-3.775 °C
946,2026-03-19 11:32:10,-0.404 °C,-3.700 °C
947,2026-03-19 11:33:10,-0.056 °C,-3.680 °C
948,2026-03-19 11:34:10,0.064 °C,-3.650 °C
949,2026-03-19 11:35:10,0.072 °C,-3.626 °C
950,2026-03-19 11:36:10,-0.243 °C,-3.688 °C
951,2026-03-19 11:37:10,-0.422 °C,-3.697 °C
952,2026-03-19 11:38:10,-0.530 °C,-3.677 °C
953,2026-03-19 11:39:10,-0.651 °C,-3.633 °C
954,2026-03-19 11:40:10,-0.795 °C,-3.611 °C
955,2026-03-19 11:41:10,-0.904 °C,-3.702 °C
956,2026-03-19 11:42:10,-1.127 °C,-3.966 °C
957,2026-03-19 11:43:10,-1.279 °C,-4.041 °C
958,2026-03-19 11:44:10,-1.377 °C,-4.085 °C
959,2026-03-19 11:45:10,-1.414 °C,-4.027 °C
960,2026-03-19 11:46:10,-1.320 °C,-3.932 °C
961,2026-03-19 11:47:10,-1.189 °C,-3.847 °C
962,2026-03-19 11:48:10,-1.024 °C,-3.758 °C
963,2026-03-19 11:49:10,-0.867 °C,-3.687 °C
964,2026-03-19 11:50:10,-0.745 °C,-3.623 °C
965,2026-03-19 11:51:10,-0.654 °C,-3.591 °C
966,2026-03-19 11:52:10,-0.602 °C,-3.624 °C
967,2026-03-19 11:53:10,-0.574 °C,-3.678 °C
968,2026-03-19 11:54:10,-0.457 °C,-3.692 °C
969,2026-03-19 11:55:10,0.291 °C,-3.580 °C
970,2026-03-19 11:56:10,2.697 °C,-3.204 °C
971,2026-03-19 11:57:10,4.907 °C,-2.812 °C
972,2026-03-19 11:58:10,6.135 °C,-2.619 °C
973,2026-03-19 11:59:10,4.644 °C,-2.950 °C
974,2026-03-19 12:00:10,2.948 °C,-3.273 °C
975,2026-03-19 12:01:10,1.872 °C,-3.404 °C
976,2026-03-19 12:02:10,1.681 °C,-3.415 °C
977,2026-03-19 12:03:10,0.891 °C,-3.562 °C
978,2026-03-19 12:04:10,0.218 °C,-3.704 °C
979,2026-03-19 12:05:10,-0.631 °C,-3.846 °C
980,2026-03-19 12:06:10,-1.184 °C,-3.903 °C
981,2026-03-19 12:07:10,-1.482 °C,-3.914 °C
982,2026-03-19 12:08:10,-1.686 °C,-3.931 °C
983,2026-03-19 12:09:10,-1.797 °C,-3.942 °C
984,2026-03-19 12:10:10,-1.865 °C,-3.949 °C
985,2026-03-19 12:11:10,-1.932 °C,-3.973 °C
986,2026-03-19 12:12:10,-2.024 °C,-3.990 °C
987,2026-03-19 12:13:10,-2.159 °C,-3.998 °C
988,2026-03-19 12:14:10,-2.223 °C,-3.961 °C
989,2026-03-19 12:15:10,-2.259 °C,-3.907 °C
990,2026-03-19 12:16:10,-2.256 °C,-3.910 °C
991,2026-03-19 12:17:10,-2.184 °C,-3.908 °C
992,2026-03-19 12:18:10,-2.088 °C,-3.917 °C
993,2026-03-19 12:19:10,-2.005 °C,-3.949 °C
994,2026-03-19 12:20:10,-1.977 °C,-4.004 °C
995,2026-03-19 12:21:10,-2.036 °C,-4.112 °C
996,2026-03-19 12:22:10,-2.266 °C,-4.254 °C
997,2026-03-19 12:23:10,-2.494 °C,-4.356 °C
998,2026-03-19 12:24:10,-2.628 °C,-4.411 °C
999,2026-03-19 12:25:10,-2.676 °C,-4.420 °C
1000,2026-03-19 12:26:10,-2.706 °C,-4.423 °C
1001,2026-03-19 12:27:10,-2.697 °C,-4.421 °C
1002,2026-03-19 12:28:10,-2.739 °C,-4.447 °C
1003,2026-03-19 12:29:10,-2.832 °C,-4.499 °C
1004,2026-03-19 12:30:10,-2.943 °C,-4.530 °C
1005,2026-03-19 12:31:10,-3.040 °C,-4.547 °C
1006,2026-03-19 12:32:10,-3.085 °C,-4.548 °C
1007,2026-03-19 12:33:10,-3.135 °C,-4.579 °C
1008,2026-03-19 12:34:10,-3.196 °C,-4.634 °C
1009,2026-03-19 12:35:10,-3.246 °C,-4.667 °C
1010,2026-03-19 12:36:10,-3.261 °C,-4.677 °C
1011,2026-03-19 12:37:10,-3.279 °C,-4.672 °C
1012,2026-03-19 12:38:10,-3.308 °C,-4.657 °C
1013,2026-03-19 12:39:10,-3.323 °C,-4.646 °C
1014,2026-03-19 12:40:10,-3.350 °C,-4.653 °C
1015,2026-03-19 12:41:10,-3.345 °C,-4.693 °C
1016,2026-03-19 12:42:10,-3.338 °C,-4.741 °C
1017,2026-03-19 12:43:10,-3.348 °C,-4.779 °C
1018,2026-03-19 12:44:10,-3.368 °C,-4.832 °C
1019,2026-03-19 12:45:10,-3.439 °C,-4.891 °C
1020,2026-03-19 12:46:10,-3.498 °C,-4.955 °C
1021,2026-03-19 12:47:10,-3.592 °C,-5.000 °C
1022,2026-03-19 12:48:10,-3.661 °C,-5.024 °C
1023,2026-03-19 12:49:10,-3.700 °C,-5.033 °C
1024,2026-03-19 12:50:10,-3.748 °C,-5.023 °C
1025,2026-03-19 12:51:10,-3.771 °C,-5.016 °C
1026,2026-03-19 12:52:10,-3.781 °C,-5.037 °C
1027,2026-03-19 12:53:10,-3.793 °C,-5.056 °C
1028,2026-03-19 12:54:10,-3.797 °C,-5.068 °C
1029,2026-03-19 12:55:10,-3.805 °C,-5.085 °C
1030,2026-03-19 12:56:10,-3.825 °C,-5.082 °C
1031,2026-03-19 12:57:10,-3.837 °C,-5.085 °C
1032,2026-03-19 12:58:10,-3.837 °C,-5.080 °C
1033,2026-03-19 12:59:10,-3.815 °C,-5.038 °C
1034,2026-03-19 13:00:10,-3.770 °C,-4.967 °C
1035,2026-03-19 13:01:10,-3.680 °C,-4.870 °C
1036,2026-03-19 13:02:10,-3.597 °C,-4.808 °C
1037,2026-03-19 13:03:10,-3.558 °C,-4.803 °C
1038,2026-03-19 13:04:10,-3.562 °C,-4.801 °C
1039,2026-03-19 13:05:10,-3.569 °C,-4.798 °C
1040,2026-03-19 13:06:10,-3.596 °C,-4.800 °C
1041,2026-03-19 13:07:10,-3.607 °C,-4.781 °C
1042,2026-03-19 13:08:10,-3.584 °C,-4.700 °C
1043,2026-03-19 13:09:10,-3.548 °C,-4.655 °C
1044,2026-03-19 13:10:10,-3.528 °C,-4.662 °C
1045,2026-03-19 13:11:10,-3.532 °C,-4.665 °C
1046,2026-03-19 13:12:10,-3.548 °C,-4.645 °C
1047,2026-03-19 13:13:10,-3.582 °C,-4.672 °C
1048,2026-03-19 13:14:10,-3.591 °C,-4.676 °C
1049,2026-03-19 13:15:10,-3.631 °C,-4.646 °C
1050,2026-03-19 13:16:10,-3.641 °C,-4.619 °C
1051,2026-03-19 13:17:10,-3.623 °C,-4.579 °C
1052,2026-03-19 13:18:10,-3.589 °C,-4.535 °C
1053,2026-03-19 13:19:10,-3.567 °C,-4.500 °C
1054,2026-03-19 13:20:10,-3.537 °C,-4.521 °C
1055,2026-03-19 13:21:10,-3.525 °C,-4.542 °C
1056,2026-03-19 13:22:10,-3.494 °C,-4.517 °C
1057,2026-03-19 13:23:10,-3.447 °C,-4.440 °C
1058,2026-03-19 13:24:10,-3.392 °C,-4.348 °C
1059,2026-03-19 13:25:10,-3.315 °C,-4.288 °C
1060,2026-03-19 13:26:10,-3.241 °C,-4.225 °C
1061,2026-03-19 13:27:10,-3.192 °C,-4.181 °C
1062,2026-03-19 13:28:10,-3.154 °C,-4.153 °C
1063,2026-03-19 13:29:10,-3.134 °C,-4.150 °C
1064,2026-03-19 13:30:10,-3.124 °C,-4.141 °C
1065,2026-03-19 13:31:10,-3.104 °C,-4.111 °C
1066,2026-03-19 13:32:10,-3.079 °C,-4.082 °C
1067,2026-03-19 13:33:10,-3.049 °C,-4.058 °C
1068,2026-03-19 13:34:10,-3.003 °C,-4.022 °C
1069,2026-03-19 13:35:10,-2.973 °C,-4.002 °C
1070,2026-03-19 13:36:10,-2.968 °C,-4.044 °C
1071,2026-03-19 13:37:10,-2.980 °C,-4.131 °C
1072,2026-03-19 13:38:10,-2.995 °C,-4.201 °C
1073,2026-03-19 13:39:10,-3.015 °C,-4.210 °C
1074,2026-03-19 13:40:10,-3.020 °C,-4.206 °C
1075,2026-03-19 13:41:10,-3.015 °C,-4.204 °C
1076,2026-03-19 13:42:10,-3.027 °C,-4.235 °C
1077,2026-03-19 13:43:10,-3.045 °C,-4.264 °C
1078,2026-03-19 13:44:10,-3.062 °C,-4.280 °C
1079,2026-03-19 13:45:10,-3.082 °C,-4.293 °C
1080,2026-03-19 13:46:10,-3.065 °C,-4.331 °C
1081,2026-03-19 13:47:10,-3.097 °C,-4.394 °C
1082,2026-03-19 13:48:10,-3.152 °C,-4.435 °C
1083,2026-03-19 13:49:10,-3.179 °C,-4.430 °C
1084,2026-03-19 13:50:10,-3.147 °C,-4.410 °C
1085,2026-03-19 13:51:10,-3.095 °C,-4.384 °C
1086,2026-03-19 13:52:10,-3.064 °C,-4.353 °C
1087,2026-03-19 13:53:10,-3.045 °C,-4.327 °C
1088,2026-03-19 13:54:10,-3.010 °C,-4.303 °C
1089,2026-03-19 13:55:10,-2.983 °C,-4.288 °C
1090,2026-03-19 13:56:10,-2.963 °C,-4.262 °C
1091,2026-03-19 13:57:10,-2.938 °C,-4.242 °C
1092,2026-03-19 13:58:10,-2.928 °C,-4.244 °C
1093,2026-03-19 13:59:10,-2.923 °C,-4.242 °C
1094,2026-03-19 14:00:10,-2.923 °C,-4.235 °C
1095,2026-03-19 14:01:10,-2.933 °C,-4.240 °C
1096,2026-03-19 14:02:10,-2.932 °C,-4.261 °C
1097,2026-03-19 14:03:10,-2.918 °C,-4.280 °C
1098,2026-03-19 14:04:10,-2.913 °C,-4.264 °C
1099,2026-03-19 14:05:10,-2.907 °C,-4.228 °C
1100,2026-03-19 14:06:10,-2.888 °C,-4.177 °C
1101,2026-03-19 14:07:10,-2.855 °C,-4.121 °C
1102,2026-03-19 14:08:10,-2.812 °C,-4.055 °C
1103,2026-03-19 14:09:10,-2.760 °C,-4.026 °C
1104,2026-03-19 14:10:10,-2.721 °C,-4.031 °C
1105,2026-03-19 14:11:10,-2.686 °C,-4.024 °C
1106,2026-03-19 14:12:10,-2.641 °C,-4.026 °C
1107,2026-03-19 14:13:10,-2.595 °C,-4.055 °C
1108,2026-03-19 14:14:10,-2.540 °C,-4.106 °C
1109,2026-03-19 14:15:10,-2.528 °C,-4.148 °C
1110,2026-03-19 14:16:10,-2.540 °C,-4.170 °C
1111,2026-03-19 14:17:10,-2.568 °C,-4.157 °C
1112,2026-03-19 14:18:10,-2.571 °C,-4.136 °C
1113,2026-03-19 14:19:10,-2.548 °C,-4.128 °C
1114,2026-03-19 14:20:10,-2.533 °C,-4.152 °C
1115,2026-03-19 14:21:10,-2.517 °C,-4.184 °C
1116,2026-03-19 14:22:10,-2.505 °C,-4.187 °C
1117,2026-03-19 14:23:10,-2.497 °C,-4.179 °C
1118,2026-03-19 14:24:10,-2.492 °C,-4.170 °C
1119,2026-03-19 14:25:10,-2.444 °C,-4.153 °C
1120,2026-03-19 14:26:10,-2.431 °C,-4.146 °C
1121,2026-03-19 14:27:10,-2.424 °C,-4.135 °C
1122,2026-03-19 14:28:10,-2.408 °C,-4.138 °C
1123,2026-03-19 14:29:10,-2.391 °C,-4.126 °C
1124,2026-03-19 14:30:10,-2.390 °C,-4.114 °C
1125,2026-03-19 14:31:10,-2.383 °C,-4.080 °C
1126,2026-03-19 14:32:10,-2.376 °C,-4.058 °C
1127,2026-03-19 14:33:10,-2.381 °C,-4.049 °C
1128,2026-03-19 14:34:10,-2.408 °C,-4.041 °C
1129,2026-03-19 14:35:10,-2.429 °C,-4.036 °C
1130,2026-03-19 14:36:10,-2.472 °C,-4.061 °C
1131,2026-03-19 14:37:10,-2.533 °C,-4.107 °C
1132,2026-03-19 14:38:10,-2.623 °C,-4.184 °C
1133,2026-03-19 14:39:10,-2.707 °C,-4.235 °C
1134,2026-03-19 14:40:10,-2.745 °C,-4.269 °C
1135,2026-03-19 14:41:10,-2.755 °C,-4.269 °C
1136,2026-03-19 14:42:10,-2.755 °C,-4.286 °C
1137,2026-03-19 14:43:10,-2.760 °C,-4.288 °C
1138,2026-03-19 14:44:10,-2.780 °C,-4.295 °C
1139,2026-03-19 14:45:10,-2.814 °C,-4.290 °C
1140,2026-03-19 14:46:10,-2.859 °C,-4.278 °C
1141,2026-03-19 14:47:10,-2.875 °C,-4.268 °C
1142,2026-03-19 14:48:10,-2.867 °C,-4.235 °C
1143,2026-03-19 14:49:10,-2.862 °C,-4.220 °C
1144,2026-03-19 14:50:10,-2.859 °C,-4.216 °C
1145,2026-03-19 14:51:10,-2.872 °C,-4.208 °C
1146,2026-03-19 14:52:10,-2.870 °C,-4.196 °C
1147,2026-03-19 14:53:10,-2.874 °C,-4.186 °C
1148,2026-03-19 14:54:10,-2.955 °C,-4.186 °C
1149,2026-03-19 14:55:10,-2.943 °C,-4.187 °C
1150,2026-03-19 14:56:10,-2.917 °C,-4.187 °C
1151,2026-03-19 14:57:10,-2.923 °C,-4.191 °C
1152,2026-03-19 14:58:10,-2.938 °C,-4.194 °C
1153,2026-03-19 14:59:10,-2.938 °C,-4.192 °C
1154,2026-03-19 15:00:10,-2.962 °C,-4.186 °C
1155,2026-03-19 15:01:10,-2.988 °C,-4.186 °C
1156,2026-03-19 15:02:10,-3.020 °C,-4.194 °C
1157,2026-03-19 15:03:10,-3.044 °C,-4.199 °C
1158,2026-03-19 15:04:10,-3.060 °C,-4.174 °C
1159,2026-03-19 15:05:10,-3.052 °C,-4.141 °C
1160,2026-03-19 15:06:10,-3.042 °C,-4.107 °C
1161,2026-03-19 15:07:10,-3.025 °C,-4.073 °C
1162,2026-03-19 15:08:10,-3.005 °C,-4.060 °C
1163,2026-03-19 15:09:10,-3.002 °C,-4.053 °C
1164,2026-03-19 15:10:10,-2.988 °C,-4.043 °C
1165,2026-03-19 15:11:10,-2.982 °C,-4.022 °C
1166,2026-03-19 15:12:10,-2.973 °C,-4.002 °C
1167,2026-03-19 15:13:10,-2.967 °C,-4.014 °C
1168,2026-03-19 15:14:10,-2.947 °C,-4.048 °C
1169,2026-03-19 15:15:10,-2.953 °C,-4.078 °C
1170,2026-03-19 15:16:10,-2.968 °C,-4.082 °C
1171,2026-03-19 15:17:10,-2.972 °C,-4.080 °C
1172,2026-03-19 15:18:10,-2.980 °C,-4.070 °C
1173,2026-03-19 15:19:10,-2.983 °C,-4.043 °C
1174,2026-03-19 15:20:10,-2.983 °C,-4.019 °C
1175,2026-03-19 15:21:10,-2.978 °C,-3.997 °C
1176,2026-03-19 15:22:10,-2.963 °C,-4.043 °C
1177,2026-03-19 15:23:10,-2.960 °C,-4.109 °C
1178,2026-03-19 15:24:10,-2.912 °C,-4.140 °C
1179,2026-03-19 15:25:10,-2.830 °C,-4.155 °C
1180,2026-03-19 15:26:10,-2.707 °C,-4.155 °C
1181,2026-03-19 15:27:10,-2.474 °C,-4.128 °C
1182,2026-03-19 15:28:10,-1.908 °C,-4.000 °C
1183,2026-03-19 15:29:10,-1.045 °C,-3.803 °C
1184,2026-03-19 15:30:10,-0.380 °C,-3.653 °C
1185,2026-03-19 15:31:10,0.151 °C,-3.528 °C
1186,2026-03-19 15:32:10,0.529 °C,-3.432 °C
1187,2026-03-19 15:33:10,0.753 °C,-3.335 °C
1188,2026-03-19 15:34:10,0.903 °C,-3.340 °C
1189,2026-03-19 15:35:10,0.977 °C,-3.451 °C
1190,2026-03-19 15:36:10,0.243 °C,-3.692 °C
1191,2026-03-19 15:37:10,-0.700 °C,-3.925 °C
1192,2026-03-19 15:38:10,-1.279 °C,-4.066 °C
1193,2026-03-19 15:39:10,-1.603 °C,-4.160 °C
1194,2026-03-19 15:40:10,-0.503 °C,-4.010 °C
1195,2026-03-19 15:41:10,0.025 °C,-3.981 °C
1196,2026-03-19 15:42:10,0.208 °C,-4.032 °C
1197,2026-03-19 15:43:10,0.189 °C,-4.160 °C
1198,2026-03-19 15:44:10,0.182 °C,-4.259 °C
1199,2026-03-19 15:45:10,0.307 °C,-4.309 °C
1200,2026-03-19 15:46:10,0.517 °C,-4.339 °C
1201,2026-03-19 15:47:10,0.235 °C,-4.444 °C
1202,2026-03-19 15:48:10,-0.785 °C,-4.677 °C
1203,2026-03-19 15:49:10,-1.757 °C,-4.877 °C
1204,2026-03-19 15:50:10,-2.482 °C,-5.019 °C
1205,2026-03-19 15:51:10,-2.985 °C,-5.118 °C
1206,2026-03-19 15:52:10,-3.357 °C,-5.208 °C
1207,2026-03-19 15:53:10,-3.641 °C,-5.290 °C
1208,2026-03-19 15:54:10,-3.888 °C,-5.365 °C
1209,2026-03-19 15:55:10,-4.135 °C,-5.435 °C
1210,2026-03-19 15:56:10,-4.370 °C,-5.502 °C
1211,2026-03-19 15:57:10,-4.634 °C,-5.566 °C
1212,2026-03-19 15:58:10,-4.869 °C,-5.614 °C
1213,2026-03-19 15:59:10,-5.071 °C,-5.675 °C
1214,2026-03-19 16:00:10,-5.257 °C,-5.745 °C
1215,2026-03-19 16:01:10,-5.421 °C,-5.796 °C
1216,2026-03-19 16:02:10,-5.582 °C,-5.876 °C
1217,2026-03-19 16:03:10,-5.758 °C,-5.973 °C
1218,2026-03-19 16:04:10,-5.946 °C,-6.082 °C
1219,2026-03-19 16:05:10,-6.160 °C,-6.180 °C
1220,2026-03-19 16:06:10,-6.379 °C,-6.263 °C
1221,2026-03-19 16:07:10,-6.600 °C,-6.358 °C
1222,2026-03-19 16:08:10,-6.780 °C,-6.448 °C
1223,2026-03-19 16:09:10,-6.951 °C,-6.514 °C
1224,2026-03-19 16:10:10,-7.104 °C,-6.548 °C
1225,2026-03-19 16:11:10,-7.271 °C,-6.640 °C
1226,2026-03-19 16:12:10,-7.477 °C,-6.789 °C
1227,2026-03-19 16:13:10,-7.658 °C,-6.969 °C
1228,2026-03-19 16:14:10,-7.744 °C,-7.128 °C
1229,2026-03-19 16:15:10,-8.071 °C,-7.129 °C
1230,2026-03-19 16:16:10,-8.197 °C,-7.262 °C
1231,2026-03-19 16:17:10,-9.383 °C,-7.135 °C
1232,2026-03-19 16:18:10,-9.643 °C,-7.059 °C
1233,2026-03-19 16:19:10,-9.588 °C,-7.070 °C
1234,2026-03-19 16:20:10,-9.712 °C,-7.133 °C
1235,2026-03-19 16:21:10,-9.793 °C,-7.171 °C
1236,2026-03-19 16:22:10,-9.847 °C,-7.271 °C
1237,2026-03-19 16:23:10,-9.830 °C,-7.440 °C
1238,2026-03-19 16:24:10,-10.090 °C,-8.170 °C
1239,2026-03-19 16:25:10,-10.277 °C,-8.460 °C
1240,2026-03-19 16:26:10,-10.324 °C,-8.413 °C
1241,2026-03-19 16:27:10,-10.396 °C,-8.538 °C
1242,2026-03-19 16:28:10,-10.345 °C,-8.506 °C
1243,2026-03-19 16:29:10,-10.455 °C,-8.695 °C
1244,2026-03-19 16:30:10,-10.541 °C,-8.945 °C
1245,2026-03-19 16:31:10,-10.594 °C,-8.994 °C
1246,2026-03-19 16:32:10,-10.653 °C,-8.981 °C
1247,2026-03-19 16:33:10,-10.576 °C,-9.036 °C
1248,2026-03-19 16:34:10,-10.704 °C,-9.106 °C
1249,2026-03-19 16:35:10,-10.943 °C,-9.261 °C
1250,2026-03-19 16:36:10,-9.459 °C,-9.628 °C
1251,2026-03-19 16:37:10,-9.643 °C,-8.253 °C
1252,2026-03-19 16:38:10,-10.036 °C,-7.336 °C
1253,2026-03-19 16:39:10,-10.468 °C,-7.400 °C
1254,2026-03-19 16:40:10,-10.580 °C,-7.484 °C
1255,2026-03-19 16:41:10,-10.759 °C,-7.584 °C
1256,2026-03-19 16:42:10,-10.790 °C,-7.610 °C
1257,2026-03-19 16:43:10,-10.802 °C,-7.623 °C
1258,2026-03-19 16:44:10,-10.743 °C,-7.632 °C
1259,2026-03-19 16:45:10,-10.714 °C,-7.659 °C
1260,2026-03-19 16:46:10,-10.670 °C,-7.709 °C
1261,2026-03-19 16:47:10,-10.517 °C,-7.696 °C
1262,2026-03-19 16:48:10,-10.396 °C,-7.665 °C
1263,2026-03-19 16:49:10,-10.322 °C,-7.632 °C
1264,2026-03-19 16:50:10,-10.347 °C,-7.617 °C
1265,2026-03-19 16:51:10,-10.421 °C,-7.612 °C
1266,2026-03-19 16:52:10,-10.455 °C,-7.637 °C
1267,2026-03-19 16:53:10,-10.519 °C,-7.690 °C
1268,2026-03-19 16:54:10,-10.406 °C,-7.727 °C
1269,2026-03-19 16:55:10,-10.203 °C,-7.672 °C
1270,2026-03-19 16:56:10,-9.963 °C,-7.588 °C
1271,2026-03-19 16:57:10,-9.803 °C,-7.520 °C
1272,2026-03-19 16:58:10,-9.635 °C,-7.480 °C
1273,2026-03-19 16:59:10,-9.551 °C,-7.442 °C
1274,2026-03-19 17:00:10,-9.490 °C,-7.413 °C
1275,2026-03-19 17:01:10,-9.465 °C,-7.373 °C
1276,2026-03-19 17:02:10,-9.427 °C,-7.340 °C
1277,2026-03-19 17:03:10,-9.324 °C,-7.315 °C
1278,2026-03-19 17:04:10,-9.258 °C,-7.284 °C
1279,2026-03-19 17:05:10,-9.144 °C,-7.256 °C
1280,2026-03-19 17:06:10,-9.042 °C,-7.224 °C
1281,2026-03-19 17:07:10,-8.857 °C,-7.184 °C
1282,2026-03-19 17:08:10,-8.661 °C,-7.144 °C
1283,2026-03-19 17:09:10,-8.476 °C,-7.104 °C
1284,2026-03-19 17:10:10,-8.292 °C,-7.061 °C
1285,2026-03-19 17:11:10,-8.175 °C,-7.026 °C
1286,2026-03-19 17:12:10,-8.075 °C,-7.003 °C
1287,2026-03-19 17:13:10,-7.992 °C,-6.981 °C
1288,2026-03-19 17:14:10,-7.944 °C,-6.965 °C
1289,2026-03-19 17:15:10,-7.940 °C,-6.963 °C
1290,2026-03-19 17:16:10,-7.946 °C,-6.967 °C
1291,2026-03-19 17:17:10,-7.951 °C,-6.976 °C
1292,2026-03-19 17:18:10,-7.946 °C,-6.976 °C
1293,2026-03-19 17:19:10,-7.920 °C,-6.969 °C
1294,2026-03-19 17:20:10,-7.883 °C,-6.956 °C
1295,2026-03-19 17:21:10,-7.852 °C,-6.945 °C
1296,2026-03-19 17:22:10,-7.810 °C,-6.929 °C
1297,2026-03-19 17:23:10,-7.768 °C,-6.913 °C
1298,2026-03-19 17:24:10,-7.723 °C,-6.886 °C
1299,2026-03-19 17:25:10,-7.685 °C,-6.868 °C
1300,2026-03-19 17:26:10,-7.647 °C,-6.853 °C
1301,2026-03-19 17:27:10,-7.612 °C,-6.837 °C
1302,2026-03-19 17:28:10,-7.568 °C,-6.823 °C
1303,2026-03-19 17:29:10,-7.533 °C,-6.812 °C
1304,2026-03-19 17:30:10,-7.502 °C,-6.805 °C
1305,2026-03-19 17:31:10,-7.484 °C,-6.792 °C
1306,2026-03-19 17:32:10,-7.473 °C,-6.790 °C
1307,2026-03-19 17:33:10,-7.458 °C,-6.785 °C
1308,2026-03-19 17:34:10,-7.449 °C,-6.781 °C
1309,2026-03-19 17:35:10,-7.457 °C,-6.778 °C
1310,2026-03-19 17:36:10,-7.477 °C,-6.774 °C
1311,2026-03-19 17:37:10,-7.500 °C,-6.778 °C
1312,2026-03-19 17:38:10,-7.515 °C,-6.781 °C
1313,2026-03-19 17:39:10,-7.519 °C,-6.772 °C
1314,2026-03-19 17:40:10,-7.528 °C,-6.763 °C
1315,2026-03-19 17:41:10,-7.562 °C,-6.769 °C
1316,2026-03-19 17:42:10,-7.648 °C,-6.789 °C
1317,2026-03-19 17:43:10,-7.874 °C,-6.832 °C
1318,2026-03-19 17:44:10,-8.083 °C,-6.897 °C
1319,2026-03-19 17:45:10,-8.221 °C,-6.951 °C
1320,2026-03-19 17:46:10,-8.353 °C,-6.999 °C
1321,2026-03-19 17:47:10,-8.446 °C,-7.039 °C
1322,2026-03-19 17:48:10,-8.508 °C,-7.079 °C
1323,2026-03-19 17:49:10,-8.585 °C,-7.101 °C
1324,2026-03-19 17:50:10,-8.639 °C,-7.129 °C
1325,2026-03-19 17:51:10,-8.703 °C,-7.142 °C
1326,2026-03-19 17:52:10,-8.727 °C,-7.155 °C
1327,2026-03-19 17:53:10,-8.748 °C,-7.182 °C
1328,2026-03-19 17:54:10,-8.780 °C,-7.211 °C
1329,2026-03-19 17:55:10,-8.797 °C,-7.247 °C
1330,2026-03-19 17:56:10,-8.819 °C,-7.269 °C
1331,2026-03-19 17:57:10,-8.859 °C,-7.300 °C
1332,2026-03-19 17:58:10,-8.881 °C,-7.327 °C
1333,2026-03-19 17:59:10,-9.006 °C,-7.336 °C
1334,2026-03-19 18:00:10,-9.146 °C,-7.422 °C
1335,2026-03-19 18:01:10,-8.733 °C,-7.491 °C
1336,2026-03-19 18:02:10,-8.772 °C,-7.471 °C
1337,2026-03-19 18:03:10,-8.785 °C,-7.429 °C
1338,2026-03-19 18:04:10,-8.701 °C,-7.424 °C
1339,2026-03-19 18:05:10,-8.823 °C,-7.416 °C
1340,2026-03-19 18:06:10,-8.870 °C,-7.447 °C
1341,2026-03-19 18:07:10,-8.868 °C,-7.436 °C
1342,2026-03-19 18:08:10,-8.804 °C,-7.389 °C
1343,2026-03-19 18:09:10,-8.889 °C,-7.362 °C
1344,2026-03-19 18:10:10,-8.938 °C,-7.409 °C
1345,2026-03-19 18:11:10,-8.932 °C,-7.405 °C
1346,2026-03-19 18:12:10,-8.881 °C,-7.355 °C
1347,2026-03-19 18:13:10,-8.844 °C,-7.311 °C
1348,2026-03-19 18:14:10,-8.868 °C,-7.311 °C
1349,2026-03-19 18:15:10,-8.857 °C,-7.329 °C
1350,2026-03-19 18:16:10,-8.823 °C,-7.327 °C
1351,2026-03-19 18:17:10,-8.802 °C,-7.329 °C
1352,2026-03-19 18:18:10,-8.780 °C,-7.329 °C
1353,2026-03-19 18:19:10,-8.742 °C,-7.331 °C
1354,2026-03-19 18:20:10,-8.714 °C,-7.324 °C
1355,2026-03-19 18:21:10,-8.686 °C,-7.309 °C
1356,2026-03-19 18:22:10,-8.652 °C,-7.302 °C
1357,2026-03-19 18:23:10,-8.607 °C,-7.300 °C
1358,2026-03-19 18:24:10,-8.564 °C,-7.287 °C
1359,2026-03-19 18:25:10,-8.538 °C,-7.258 °C
1360,2026-03-19 18:26:10,-8.461 °C,-7.229 °C
1361,2026-03-19 18:27:10,-8.368 °C,-7.209 °C
1362,2026-03-19 18:28:10,-8.353 °C,-7.204 °C
1363,2026-03-19 18:29:10,-8.357 °C,-7.202 °C
1364,2026-03-19 18:30:10,-8.361 °C,-7.195 °C
1365,2026-03-19 18:31:10,-8.355 °C,-7.180 °C
1366,2026-03-19 18:32:10,-8.346 °C,-7.160 °C
1367,2026-03-19 18:33:10,-8.335 °C,-7.135 °C
1368,2026-03-19 18:34:10,-8.333 °C,-7.117 °C
1369,2026-03-19 18:35:10,-8.337 °C,-7.101 °C
1370,2026-03-19 18:36:10,-8.340 °C,-7.093 °C
1371,2026-03-19 18:37:10,-8.335 °C,-7.097 °C
1372,2026-03-19 18:38:10,-8.335 °C,-7.079 °C
1373,2026-03-19 18:39:10,-8.355 °C,-7.068 °C
1374,2026-03-19 18:40:10,-8.264 °C,-7.070 °C
1375,2026-03-19 18:41:10,-8.112 °C,-7.063 °C
1376,2026-03-19 18:42:10,-7.939 °C,-7.037 °C
1377,2026-03-19 18:43:10,-7.856 °C,-7.005 °C
1378,2026-03-19 18:44:10,-7.819 °C,-6.970 °C
1379,2026-03-19 18:45:10,-7.773 °C,-6.942 °C
1380,2026-03-19 18:46:10,-7.740 °C,-6.920 °C
1381,2026-03-19 18:47:10,-7.683 °C,-6.907 °C
1382,2026-03-19 18:48:10,-7.639 °C,-6.895 °C
1383,2026-03-19 18:49:10,-7.595 °C,-6.880 °C
1384,2026-03-19 18:50:10,-7.581 °C,-6.866 °C
1385,2026-03-19 18:51:10,-7.584 °C,-6.853 °C
1386,2026-03-19 18:52:10,-7.588 °C,-6.843 °C
1387,2026-03-19 18:53:10,-7.581 °C,-6.830 °C
1388,2026-03-19 18:54:10,-7.564 °C,-6.819 °C
1389,2026-03-19 18:55:10,-7.544 °C,-6.807 °C
1390,2026-03-19 18:56:10,-7.508 °C,-6.801 °C
1391,2026-03-19 18:57:10,-7.528 °C,-6.807 °C
1392,2026-03-19 18:58:10,-7.566 °C,-6.826 °C
1393,2026-03-19 18:59:10,-7.564 °C,-6.832 °C
1394,2026-03-19 19:00:10,-7.519 °C,-6.821 °C
